3_letter,4_letter,5_letter
ABA,ABET,ABACK
ABS,ABLE,ABAFT
ACE,ABLY,ABASE
ACT,ABUT,ABASH
ADD,ACAI,ABATE
ADO,ACED,ABAYA
ADS,ACER,ABBEY
ADZ,ACES,ABBOT
AFT,ACHE,ABEAM
AGA,ACHY,ABETS
AGE,ACID,ABHOR
AGO,ACME,ABIDE
AHA,ACNE,ABLED
AHI,ACRE,ABLER
AID,ACTS,ABODE
AIL,ADDS,ABORT
AIM,ADDY,ABOUT
AIR,ADZE,ABOVE
AKA,AEON,ABUSE
ALA,AERO,ABUTS
ALE,AFAR,ABUZZ
ALL,AFRO,ABYSS
ALP,AGAR,ACERS
ALS,AGAS,ACHED
ALT,AGED,ACHES
ALU,AGES,ACIDS
AMP,AGIN,ACING
ANA,AGIO,ACINI
AND,AGOG,ACKEE
ANT,AGUE,ACORN
ANY,AHEM,ACRES
APE,AHIS,ACRID
APP,AHOY,ACTED
APT,AIDE,ACTIN
ARC,AIDS,ACTOR
ARE,AILS,ACUTE
ARK,AIMS,ADAGE
ARM,AIRS,ADAPT
ART,AIRY,ADDED
ASH,AJAR,ADDER
ASK,AKIN,ADDLE
ASP,ALAS,ADEPT
ASS,ALEC,ADIEU
ATE,ALES,ADIOS
AVE,ALGA,ADMAN
AWE,ALLY,ADMEN
AWL,ALMA,ADMIN
AXE,ALMS,ADMIT
AYE,ALOE,ADOBE
BAA,ALOO,ADOBO
BAD,ALSO,ADOPT
BAE,ALTO,ADORE
BAG,ALUM,ADORN
BAH,AMEN,ADULT
BAM,AMID,ADZES
BAN,AMMO,AEGIS
BAO,AMPS,AEONS
BAP,AMYL,AERIE
BAR,ANAL,AFFIX
BAS,ANCE,AFIRE
BAT,ANEW,AFOOT
BAY,ANKH,AFORE
BED,ANON,AFOUL
BEE,ANTE,AFROS
BEG,ANTI,AFTER
BEN,ANTS,AGAIN
BET,ANUS,AGAPE
BIB,APED,AGATE
BID,APES,AGAVE
BIG,APEX,AGENT
BIN,APPS,AGGRO
BIO,APSE,AGILE
BIT,AQUA,AGING
BIZ,ARCH,AGISM
BOA,ARCO,AGIST
BOB,ARCS,AGITA
BOD,AREA,AGLOW
BOG,ARES,AGONY
BOO,ARIA,AGORA
BOP,ARID,AGREE
BOT,ARKS,AHEAD
BOW,ARMS,AHOLD
BOX,ARMY,AIDED
BOY,ARSE,AIDES
BRA,ARTS,AILED
BRO,ARTY,AIMED
BUB,ASHY,AIOLI
BUD,ASKS,AIRED
BUG,ASPS,AIRER
BUM,ATOM,AISLE
BUN,ATOP,AITCH
BUS,AULD,ALACK
BUT,AUNT,ALARM
BUY,AURA,ALBUM
BYE,AUTO,ALDER
CAB,AVER,ALECS
CAD,AVID,ALERT
CAL,AVOW,ALGAE
CAM,AWAY,ALIAS
CAN,AWED,ALIBI
CAP,AWES,ALIEN
CAR,AWLS,ALIGN
CAT,AWOL,ALIKE
CAW,AWRY,ALIVE
CAY,AXED,ALKIE
CHA,AXEL,ALKYL
CHI,AXES,ALLAY
CIG,AXIL,ALLEY
CIS,AXIS,ALLOT
COB,AXLE,ALLOW
COD,AXON,ALLOY
COG,AYES,ALOES
COL,BAAS,ALOFT
CON,BABA,ALOHA
COO,BABE,ALONE
COP,BABY,ALONG
COR,BACK,ALOOF
COS,BADE,ALOUD
COT,BAES,ALPHA
COW,BAGS,ALTAR
COX,BAHT,ALTER
COY,BAIL,ALTOS
CRY,BAIT,ALUMS
CUB,BAKE,ALWAY
CUD,BALD,AMASS
CUP,BALE,AMAZE
CUR,BALK,AMBER
CUT,BALL,AMBIT
CUZ,BALM,AMBLE
DAB,BAND,AMEBA
DAD,BANE,AMEND
DAG,BANG,AMENS
DAH,BANK,AMIDE
DAL,BANS,AMIGO
DAM,BAPS,AMINE
DAP,BARB,AMINO
DAW,BARD,AMISS
DAY,BARE,AMITY
DEF,BARF,AMNIO
DEL,BARK,AMONG
DEN,BARM,AMOUR
DEW,BARN,AMPED
DEX,BARS,AMPLE
DID,BASE,AMPLY
DIE,BASH,AMUCK
DIG,BASK,AMUSE
DIM,BASS,ANCHO
DIN,BATH,ANGEL
DIP,BATS,ANGER
DIS,BAUD,ANGLE
DOC,BAWL,ANGLO
DOE,BAYS,ANGRY
DOG,BEAD,ANGST
DOH,BEAK,ANIME
DOL,BEAM,ANION
DOM,BEAN,ANISE
DON,BEAR,ANKLE
DOO,BEAT,ANNAL
DOS,BEAU,ANNEX
DOT,BECK,ANNOY
DOX,BEDS,ANNUL
DRY,BEEF,ANODE
DUB,BEEN,ANTED
DUD,BEEP,ANTES
DUE,BEER,ANTIC
DUG,BEES,ANTIS
DUH,BEET,ANTSY
DUN,BEGS,ANVIL
DUO,BELL,AORTA
DUX,BELT,APACE
DYE,BEND,APART
DZO,BENS,APHID
EAR,BENT,APING
EAT,BERG,APNEA
EAU,BERM,APPAL
EBB,BEST,APPLE
ECO,BETA,APPLY
EEK,BETS,APRES
EEL,BEVY,APRON
EFF,BIAS,APSES
EFT,BIBB,APTLY
EGG,BIBS,ARBOR
EGO,BIDE,ARCED
EKE,BIDS,ARCUS
ELF,BIER,ARDOR
ELK,BIFF,AREAS
ELM,BIGS,ARECA
EMO,BIKE,ARENA
EMU,BILE,ARETE
END,BILK,ARGAN
EON,BILL,ARGON
ERA,BIND,ARGOT
ERG,BING,ARGUE
ERM,BINS,ARIAS
ERR,BIOS,ARISE
ESS,BIRD,ARMED
EST,BIRL,ARMOR
ETA,BIRO,AROID
EVE,BITE,AROMA
EWE,BITS,AROSE
EYE,BLAB,ARRAY
FAB,BLAG,ARROW
FAD,BLAH,ARSED
FAG,BLED,ARSES
FAM,BLEW,ARSON
FAN,BLIP,ARTIC
FAR,BLOB,ARTSY
FAT,BLOC,ASANA
FAV,BLOG,ASCOT
FAX,BLOT,ASHEN
FED,BLOW,ASHES
FEE,BLUB,ASIDE
FEM,BLUE,ASKED
FEN,BLUR,ASKEW
FEW,BOAR,ASPEN
FEY,BOAS,ASPIC
FEZ,BOAT,ASSAY
FIB,BOBS,ASSES
FIE,BODE,ASSET
FIG,BODY,ASTER
FIN,BOGS,ASTIR
FIR,BOGY,ATLAS
FIT,BOHO,ATOLL
FIX,BOIL,ATOMS
FLU,BOLD,ATONE
FLY,BOLE,ATRIA
FOB,BOLL,ATTIC
FOE,BOLO,AUDIO
FOG,BOLT,AUDIT
FOP,BOMB,AUGER
FOR,BONA,AUGHT
FOX,BOND,AUGUR
FRO,BONE,AUNTS
FRY,BONG,AUNTY
FUG,BONK,AURAL
FUN,BONY,AURAS
FUR,BOOB,AUTOS
GAB,BOOK,AUXIN
GAD,BOOM,AVAIL
GAG,BOON,AVANT
GAL,BOOR,AVERS
GAP,BOOS,AVERT
GAR,BOOT,AVIAN
GAS,BOPS,AVOID
GAT,BORE,AVOWS
GAY,BORN,AWAIT
GED,BOSH,AWAKE
GEE,BOSS,AWARD
GEL,BOTH,AWARE
GEM,BOTS,AWASH
GEN,BOUT,AWAYS
GEO,BOWL,AWFUL
GET,BOWS,AWING
GIB,BOXY,AWOKE
GIF,BOYS,AXIAL
GIG,BOZO,AXILS
GIN,BRAD,AXING
GIT,BRAG,AXIOM
GNU,BRAN,AXION
GOB,BRAS,AXLES
GOD,BRAT,AXONS
GOO,BRAY,AZURE
GOT,BRED,BAAED
GRR,BREW,BABAS
GUM,BRIE,BABEL
GUN,BRIG,BABES
GUT,BRIM,BACCY
GUV,BRIO,BACKS
GUY,BRIS,BACON
GYM,BRIT,BADDY
GYP,BROS,BADGE
HAD,BROW,BADLY
HAG,BRUH,BAGEL
HAH,BRUT,BAGGY
HAM,BUBO,BAILS
HAS,BUCK,BAIRN
HAT,BUDS,BAITS
HAW,BUFF,BAIZE
HAY,BUGS,BAKED
HEM,BULB,BAKER
HEN,BULK,BAKES
HER,BULL,BALDY
HEW,BUMF,BALED
HEX,BUMP,BALER
HEY,BUMS,BALES
HID,BUNG,BALKS
HIE,BUNK,BALKY
HIM,BUNS,BALLS
HIP,BUNT,BALLY
HIS,BUOY,BALMS
HIT,BURL,BALMY
HMM,BURN,BALSA
HOB,BURP,BALTI
HOC,BURR,BANAL
HOD,BURS,BANDS
HOE,BURY,BANDY
HOG,BUSH,BANGS
HON,BUSK,BANJO
HOP,BUST,BANKS
HOS,BUSY,BANNS
HOT,BUTE,BANTS
HOW,BUTS,BARBS
HUB,BUTT,BARDS
HUE,BUYS,BARED
HUG,BUZZ,BARER
HUH,BYES,BARES
HUM,BYRE,BARFS
HUN,BYTE,BARGE
HUP,CABS,BARKS
HUT,CAFE,BARMY
ICE,CAFF,BARNS
ICK,CAGE,BARON
ICY,CAKE,BARRE
IDS,CALF,BASAL
IFS,CALL,BASED
ILK,CALM,BASER
ILL,CALS,BASES
IMP,CAME,BASIC
INK,CAMI,BASIL
INN,CAMO,BASIN
INS,CAMP,BASIS
ION,CAMS,BASKS
IRE,CANE,BASSO
IRK,CANS,BASTE
ISH,CANT,BATCH
ISM,CAPE,BATED
ISO,CAPO,BATHE
ITS,CAPS,BATHS
IVY,CARB,BATIK
JAB,CARD,BATON
JAG,CARE,BATTY
JAM,CARK,BAULK
JAR,CARP,BAWDY
JAW,CARS,BAWLS
JAY,CART,BAYED
JET,CASE,BAYOU
JIB,CASH,BEACH
JIG,CASK,BEADS
JOB,CAST,BEADY
JOE,CATS,BEAKS
JOG,CAUL,BEAMS
JOT,CAVA,BEAMY
JOY,CAVE,BEANO
JUG,CAWS,BEANS
JUS,CAYS,BEARD
JUT,CEDE,BEARS
KEG,CELL,BEAST
KEN,CELT,BEATS
KEY,CENT,BEAUS
KID,CERT,BEAUT
KIN,CHAD,BEAUX
KIP,CHAI,BEBOP
KIR,CHAP,BECKS
KIT,CHAR,BEECH
KOI,CHAT,BEEFS
LAB,CHAV,BEEFY
LAD,CHEF,BEEPS
LAG,CHEM,BEERS
LAH,CHEW,BEERY
LAM,CHIA,BEETS
LAP,CHIC,BEFIT
LAT,CHIN,BEGAN
LAV,CHIP,BEGAT
LAW,CHIS,BEGET
LAX,CHIT,BEGIN
LAY,CHOC,BEGOT
LEA,CHOP,BEGUN
LED,CHOW,BEIGE
LEE,CHUB,BEING
LEG,CHUG,BELAY
LEI,CHUM,BELCH
LET,CIAO,BELIE
LEY,CIGS,BELLE
LID,CIST,BELLS
LIE,CITE,BELLY
LIP,CITY,BELOW
LIS,CLAD,BELTS
LIT,CLAG,BENCH
LOB,CLAM,BENDS
LOG,CLAN,BENDY
LOO,CLAP,BENNE
LOP,CLAW,BENNY
LOT,CLAY,BENTO
LOW,CLEF,BERET
LOX,CLIP,BERGS
LUG,CLIT,BERKS
LUX,CLOD,BERMS
LYE,CLOG,BERRY
MAC,CLOP,BERTH
MAD,CLOT,BESET
MAG,CLOY,BESOM
MAL,CLUB,BESTS
MAM,CLUE,BETAS
MAN,COAL,BETEL
MAP,COAT,BEVEL
MAR,COAX,BEVVY
MAT,COBB,BEZEL
MAW,COBS,BHAJI
MAX,COCA,BIALY
MAY,COCK,BIBLE
MED,COCO,BICEP
MEG,CODA,BIDDY
MEH,CODE,BIDED
MEN,COED,BIDET
MET,COGS,BIERS
MEW,COHO,BIFFS
MIC,COIL,BIGHT
MID,COIN,BIGLY
MIL,COIR,BIGOT
MIX,COKE,BIJOU
MOB,COLA,BIKED
MOD,COLD,BIKER
MOM,COLT,BIKES
MON,COMA,BIKIE
MOO,COMB,BILBY
MOP,COME,BILGE
MOS,COMP,BILKS
MOW,CONE,BILLS
MUD,CONK,BILLY
MUG,CONS,BIMBO
MUM,CONY,BINDI
MUS,COOK,BINDS
NAB,COOL,BINGE
NAG,COON,BINGO
NAH,COOP,BINGS
NAN,COOS,BIOME
NAP,COOT,BIOTA
NAT,COPE,BIPED
NAV,COPS,BIRCH
NAY,COPY,BIRDS
NEE,CORD,BIRLS
NET,CORE,BIROS
NEW,CORK,BIRTH
NIB,CORM,BISON
NIL,CORN,BITCH
NIP,CORS,BITER
NIT,COSH,BITES
NIX,COST,BITTY
NOB,COSY,BIVVY
NOD,COTE,BLABS
NOG,COTS,BLACK
NOH,COUP,BLADE
NON,COVE,BLAGS
NOR,COWL,BLAHS
NOS,COWS,BLAME
NOT,COXA,BLAND
NOW,COZY,BLANK
NTH,CRAB,BLARE
NUN,CRAG,BLASE
NUT,CRAM,BLAST
OAF,CRAP,BLAZE
OAK,CRAY,BLEAK
OAR,CRED,BLEAT
OAT,CREW,BLEED
OBO,CRIB,BLEEP
ODD,CRIT,BLEND
ODE,CROC,BLESS
ODS,CROP,BLEST
OFF,CROW,BLIMP
OFT,CRUD,BLIND
OHM,CRUX,BLING
OHS,CUBE,BLINK
OIK,CUBS,BLIPS
OIL,CUES,BLISS
OLD,CUFF,BLITZ
OLE,CUKE,BLOAT
ONE,CULL,BLOBS
ONO,CULT,BLOCK
OOF,CUPS,BLOCS
OOH,CURB,BLOGS
OPS,CURD,BLOKE
OPT,CURE,BLOND
ORA,CURL,BLOOD
ORB,CURS,BLOOM
ORC,CURT,BLOOP
ORE,CUSP,BLOTS
ORT,CUSS,BLOWN
OUD,CUTE,BLOWS
OUR,CUTS,BLOWY
OUT,CYAN,BLUBS
OVA,CYST,BLUER
OWE,CZAR,BLUES
OWL,DABS,BLUEY
OWN,DADA,BLUFF
OWT,DADO,BLUNT
PAD,DADS,BLURB
PAL,DAFT,BLURS
PAN,DAGS,BLURT
PAP,DAIS,BLUSH
PAR,DALE,BOARD
PAS,DAME,BOARS
PAT,DAMN,BOAST
PAW,DAMP,BOATS
PAX,DAMS,BOBBY
PAY,DANG,BOCCE
PEA,DANK,BODED
PEC,DANS,BODES
PEE,DAPS,BODGE
PEG,DARE,BOGAN
PEN,DARK,BOGEY
PEP,DARN,BOGGY
PER,DART,BOGIE
PES,DASH,BOGUS
PET,DATA,BOHEA
PEW,DATE,BOHOS
PHI,DAUB,BOILS
PHO,DAWN,BOING
PIC,DAYS,BOINK
PIE,DAZE,BOKEH
PIG,DEAD,BOLES
PIN,DEAF,BOLLS
PIP,DEAL,BOLTS
PIS,DEAN,BOLUS
PIT,DEAR,BOMBE
PIX,DEBT,BOMBS
PLY,DECK,BONCE
POD,DECO,BONDS
POI,DEED,BONED
POM,DEEM,BONER
POO,DEEP,BONES
POP,DEER,BONGO
POT,DEFO,BONGS
POW,DEFT,BONKS
POX,DEFY,BONNY
PRE,DEKE,BONUS
PRO,DELI,BOOBS
PRY,DELL,BOOBY
PSI,DELS,BOOED
PUB,DEMO,BOOKS
PUD,DENS,BOOMS
PUG,DENT,BOOMY
PUN,DENY,BOONS
PUP,DESI,BOORS
PUS,DESK,BOOST
PUT,DEUS,BOOTH
PWN,DEWY,BOOTS
QAT,DHAL,BOOTY
QUA,DHOW,BOOZE
RAD,DIAL,BOOZY
RAG,DIBS,BOPPY
RAH,DICE,BORAX
RAM,,BORED
RAN,DIED,BORER
RAP,DIES,BORES
RAT,DIET,BORNE
RAW,DIFF,BORON
RAY,DIGS,BOSKY
REC,DIKE,BOSOM
RED,DILL,BOSON
REF,DIME,BOSSY
REG,DIMS,BOSUN
REM,DINE,BOTCH
REP,DING,BOTHY
RES,DINK,BOTOX
REV,DINO,BOUGH
REX,DINS,BOULE
REZ,DINT,BOUND
RHO,DIPS,BOURN
RIB,DIRE,BOUTS
RID,DIRK,BOVID
RIG,DIRT,BOWED
RIM,DISC,BOWEL
RIP,DISH,BOWER
ROB,DISK,BOWLS
ROD,DISS,BOXED
ROE,DITZ,BOXER
ROO,DIVA,BOXES
ROT,DIVE,BOXTY
ROW,DIVS,BOZOS
RUB,DOBS,BRAAI
RUE,DOCK,BRACE
RUG,DOCS,BRACT
RUM,DODO,BRAGS
RUN,DOER,BRAID
RUT,DOES,BRAIN
RYE,DOFF,BRAKE
SAC,DOGE,BRAND
SAD,DOGS,BRASH
SAG,DOJO,BRASS
SAP,DOLE,BRATS
SAT,DOLL,BRAVE
SAW,DOLT,BRAVO
SAX,DOME,BRAWL
SAY,DONE,BRAWN
SEA,DONG,BRAYS
SEC,DONS,BREAD
SEE,DOOM,BREAK
SET,DOOR,BREAM
SEW,DOPE,BREED
SEX,DORK,BRENT
SHE,DORM,BREVE
SHH,DORY,BREWS
SHY,DOSA,BRIAR
SIB,DOSE,BRIBE
SIC,DOSH,BRICK
SIM,DOSS,BRIDE
SIN,DOST,BRIEF
SIP,DOTE,BRIER
SIR,DOTH,BRIGS
SIS,DOTS,BRILL
SIT,DOUR,BRIMS
SIX,DOVE,BRINE
SKA,DOWN,BRING
SKI,DOXX,BRINK
SKY,DOZE,BRINY
SLY,DOZY,BRISK
SOB,DRAB,BRITS
SOD,DRAG,BROAD
SOL,DRAM,BROCH
SON,DRAT,BROCK
SOP,DRAW,BROIL
SOS,DRAY,BROKE
SOT,DREW,BRONC
SOU,DREY,BROOD
SOW,DRIP,BROOK
SOX,DROP,BROOM
SOY,DRUB,BROTH
SOZ,DRUG,BROWN
SPA,DRUM,BROWS
SPY,DUAL,BRUIT
STY,DUBS,BRUME
SUB,DUCK,BRUNT
SUE,DUCT,BRUSH
SUM,DUDE,BRUTE
SUN,DUDS,BUCKS
SUP,DUEL,BUDDY
SUS,DUES,BUDGE
TAB,DUET,BUFFS
TAD,DUFF,BUGGY
TAG,DUKE,BUGLE
TAJ,DULL,BUILD
TAM,DULY,BUILT
TAN,DUMB,BULBS
TAP,DUMP,BULGE
TAR,DUNE,BULKS
TAS,DUNG,BULKY
TAT,DUNK,BULLA
TAU,DUNS,BULLS
TAX,DUOS,BULLY
TEA,DUPE,BUMPH
TED,DURA,BUMPS
TEE,DUSK,BUMPY
TEL,DUST,BUNCH
TEN,DUTY,BUNDT
THE,DYAD,BUNGS
THO,DYED,BUNKS
THY,DYER,BUNNY
TIC,DYES,BUNTS
TIE,DYKE,BUOYS
TIN,DZOS,BURET
TIP,EACH,BURKA
TIS,EARL,BURLS
TIT,EARN,BURLY
TOD,EARS,BURNS
TOE,EASE,BURNT
TOG,EAST,BURPS
TOM,EASY,BURQA
TON,EATS,BURRS
TOO,EAVE,BURSA
TOP,EBBS,BURST
TOR,ECHO,BUSBY
TOT,EDDY,BUSED
TOW,EDGE,BUSES
TOY,EDGY,BUSHY
TRY,EDIT,BUSKS
TUB,EELS,BUSTS
TUG,EFFS,BUSTY
TUM,EFTS,BUTCH
TUN,EGAD,BUTTE
TUT,EGGS,BUTTS
TUX,EGGY,BUTTY
TWO,EGOS,BUXOM
UFO,EKED,BUYER
UGH,EKES,BUZZY
UMM,ELAN,BYLAW
UMP,ELKS,BYRES
UNI,ELMS,BYTES
UPS,ELSE,BYWAY
URN,EMIC,CABAL
USE,EMIR,CABBY
UTE,EMIT,CABER
VAC,EMOS,CABIN
VAN,EMUS,CABLE
VAR,ENDS,CACAO
VAT,ENVY,CACHE
VAX,EONS,CACTI
VEE,EPEE,CADDY
VEG,EPIC,CADET
VET,EPOS,CADGE
VEX,ERAS,CADRE
VIA,ERGO,CAFES
VIE,ERGS,CAFFS
VIM,ERRS,CAGED
VIS,ETAS,CAGES
VOG,ETCH,CAGEY
VOW,ETIC,CAIRN
VOX,EURO,CAJUN
WAD,EVEN,CAKED
WAG,EVER,CAKES
WAN,EVES,CALLA
WAR,EVIL,CALLS
WAS,EWER,CALMS
WAT,EWES,CALVE
WAX,EXAM,CALYX
WAY,EXES,CAMAS
WEB,EXIT,CAMEL
WED,EXPO,CAMEO
WEE,EYED,CAMPS
WET,EYES,CAMPY
WHO,FABS,CANAL
WHY,FACE,CANDY
WIG,FACT,CANED
WIN,FADE,CANES
WIT,FADO,CANID
WIZ,FADS,CANNA
WOE,FAFF,CANNY
WOK,FAGS,CANOE
WON,FAIL,CANON
WOO,FAIN,CANTO
WOP,FAIR,CAPED
WOT,FAKE,CAPER
WOW,FALL,CAPES
WRY,FAME,CAPEX
YAH,FAMS,CAPON
YAK,FANG,CAPOS
YAM,FANS,CAPUT
YAP,FARE,CARAT
YAW,FARL,CARBS
YAY,FARM,CARDI
YEA,FART,CARDS
YEH,FAST,CARDY
YEN,FATE,CARED
YEP,FATS,CARER
YER,FAUN,CARES
YES,FAUX,CARET
YET,FAVA,CARGO
YEW,FAVE,CAROB
YIN,FAVS,CAROL
YIP,FAWN,CAROM
YOB,FAZE,CARPI
YON,FEAR,CARPS
YOU,FEAT,CARRY
YUK,FECK,CARTE
YUM,FEDS,CARTS
YUP,FEED,CARVE
ZAG,FEEL,CASED
ZAP,FEES,CASES
ZED,FEET,CASKS
ZEE,FELL,CASTE
ZEN,FELT,CASTS
ZIG,FEND,CATCH
ZIP,FENS,CATER
ZIT,FERN,CATTY
ZOO,FESS,CAULK
ZZZ,FEST,CAULS
,FETA,CAUSE
,FETE,CAVED
,FEUD,CAVES
,FIAT,CAVIL
,FIBS,CAWED
,FIEF,CEASE
,FIFE,CECUM
,FIGS,CEDAR
,FILE,CEDED
,FILL,CEDES
,FILM,CELEB
,FILO,CELLO
,FIND,CELLS
,FINE,CENTS
,FINK,CERTS
,FINS,CHADS
,FIRE,CHAFE
,FIRM,CHAFF
,FIRN,CHAIN
,FIRS,CHAIR
,FISC,CHALK
,FISH,CHAMP
,FIST,CHANT
,FITS,CHAOS
,FIVE,CHAPS
,FIZZ,CHARD
,FLAB,CHARM
,FLAG,CHARS
,FLAK,CHART
,FLAN,CHARY
,FLAP,CHASE
,FLAT,CHASM
,FLAW,CHATS
,FLAX,CHAVS
,FLAY,CHEAP
,FLEA,CHEAT
,FLED,CHECK
,FLEE,CHEEK
,FLEW,CHEEP
,FLEX,CHEER
,FLIP,CHEFS
,FLIT,CHEMO
,FLOE,CHESS
,FLOG,CHEST
,FLOP,CHEWS
,FLOW,CHEWY
,FLUB,CHICK
,FLUE,CHIDE
,FLUX,CHIEF
,FOAL,CHILD
,FOAM,CHILE
,FOBS,CHILI
,FOCI,CHILL
,FOES,CHIME
,FOGS,CHIMP
,FOGY,CHINA
,FOHN,CHINE
,FOIL,CHINK
,FOLD,CHINO
,FOLK,CHINS
,FOND,CHIPS
,FONT,CHIRP
,FOOD,CHITS
,FOOL,CHIVE
,FOOT,CHOCK
,FOPS,CHOCS
,FORA,CHOIR
,FORD,CHOKE
,FORE,CHOMP
,FORK,CHOPS
,FORM,CHORD
,FORT,CHORE
,FOUL,CHOSE
,FOUR,CHOWS
,FOWL,CHUCK
,FOXY,CHUFF
,FRAT,CHUGS
,FRAY,CHUMP
,FREE,CHUMS
,FRET,CHUNK
,FRIT,CHURN
,FROG,CHURR
,FROM,CHUTE
,FUEL,CHYME
,FUGU,CIDER
,FULL,CIGAR
,FUME,CIGGY
,FUND,CILIA
,FUNK,CILLS
,FURL,CINCH
,FURS,CIRCA
,FURY,CISCO
,FUSE,CISSY
,FUSS,CISTS
,FUTZ,CITED
,FUZE,CITES
,FUZZ,CIVET
,GABS,CIVIC
,GADS,CIVIL
,GAFF,CIVVY
,GAGA,CLACK
,GAGE,CLADE
,GAGS,CLADS
,GAIN,CLAIM
,GAIT,CLAMP
,GALA,CLAMS
,GALE,CLANG
,GALL,CLANK
,GALS,CLANS
,GAME,CLAPS
,GAMY,CLARY
,GANG,CLASH
,GAOL,CLASP
,GAPE,CLASS
,GAPS,CLAWS
,GARB,CLEAN
,GASH,CLEAR
,GASP,CLEAT
,GATE,CLEFS
,GATS,CLEFT
,GAVE,CLERK
,GAWD,CLICK
,GAWK,CLIFF
,GAWP,CLIMB
,GAYS,CLIME
,GAZE,CLINE
,GEAR,CLING
,GEDS,CLINK
,GEEK,CLIPS
,GEES,CLITS
,GEEZ,CLOAK
,GELD,CLOCK
,GELS,CLODS
,GEMS,CLOGS
,GENE,CLOMP
,GENS,CLONE
,GENT,CLOPS
,GERM,CLOSE
,GETS,CLOTH
,GHAT,CLOTS
,GHEE,CLOUD
,GIBE,CLOUT
,GIFT,CLOVE
,GIGA,CLOWN
,GIGS,CLOYS
,GILD,CLUBS
,GILL,CLUCK
,GILT,CLUED
,GIMP,CLUES
,GINS,CLUMP
,GIRD,CLUNG
,GIRL,CLUNK
,GIRO,COACH
,GIRT,COALS
,GIST,COAST
,GITE,COATI
,GITS,COATS
,GIVE,COBRA
,GLAD,COCKS
,GLAM,COCKY
,GLEE,COCOA
,GLEN,CODAS
,GLIA,CODEC
,GLIB,CODED
,GLOB,CODER
,GLOM,CODES
,GLOP,CODEX
,GLOW,CODON
,GLUE,COEDS
,GLUG,COIGN
,GLUM,COILS
,GLUT,COINS
,GNAT,COKES
,GNAW,COLAS
,GNUS,COLDS
,GOAD,COLEY
,GOAL,COLIC
,GOAT,COLON
,GOBO,COLOR
,GOBS,COLTS
,GODS,COMAS
,GOER,COMBE
,GOES,COMBI
,GOLD,COMBO
,GOLF,COMBS
,GONE,COMER
,GONG,COMES
,GOOD,COMET
,GOOF,COMFY
,GOON,COMIC
,GOOP,COMMA
,GORE,COMMS
,GORP,COMPS
,GORY,CONCH
,GOSH,CONDO
,GOTH,CONED
,GOUT,CONES
,GOWN,CONEY
,GRAB,CONGA
,GRAD,CONIC
,GRAM,CONKS
,GRAN,CONVO
,GRAY,COOED
,GREW,COOKS
,GREY,COOLS
,GRID,COONS
,GRIM,COOPS
,GRIN,COOTS
,GRIP,COPED
,GRIT,COPES
,GROG,COPRA
,GROK,COPSE
,GROW,CORAL
,GRUB,CORDS
,GUAC,CORED
,GUFF,CORES
,GULF,CORGI
,GULL,CORKS
,GULP,CORKY
,GUMS,CORMS
,GUNK,CORNS
,GUNS,CORNY
,GURU,CORPS
,GUSH,COSTA
,GUST,COSTS
,GUTS,COTTA
,GUYS,COUCH
,GYMS,COUGH
,GYRE,COULD
,GYRI,COUNT
,GYRO,COUPE
,HAAR,COUPS
,HACK,COURT
,HADJ,COUTH
,HAFT,COVED
,HAGS,COVEN
,HAHA,COVER
,HAIL,COVES
,HAIR,COVET
,HAJI,COVEY
,HAJJ,COVID
,HAKA,COWED
,HAKE,COWER
,HALE,COWLS
,HALF,COWRY
,HALL,COXED
,HALO,COXES
,HALT,COYER
,HAMS,COYLY
,HAND,COYPU
,HANG,COZEN
,HANK,CRABS
,HARD,CRACK
,HARE,CRAFT
,HARK,CRAGS
,HARM,CRAIC
,HARP,CRAMP
,HART,CRAMS
,HASH,CRANE
,HASP,CRANK
,HAST,CRAPE
,HATE,CRAPS
,HATH,CRASH
,HATS,CRASS
,HAUL,CRATE
,HAVE,CRAVE
,HAWK,CRAWL
,HAYS,CRAYS
,HAZE,CRAZE
,HAZY,CRAZY
,HEAD,CREAK
,HEAL,CREAM
,HEAP,CREDO
,HEAR,CREED
,HEAT,CREEK
,HECK,CREEP
,HEED,CREME
,HEEL,CREPE
,HEFT,CREPT
,HEIR,CRESS
,HELD,CREST
,HELL,CREWS
,HELM,CRIBS
,HELP,CRICK
,HEMP,CRIED
,HEMS,CRIER
,HENS,CRIES
,HERB,CRIME
,HERD,CRIMP
,HERE,CRISP
,HERO,CROAK
,HERS,CROCK
,HEWN,CROCS
,HEWS,CROFT
,HICK,CRONE
,HIDE,CRONY
,HIED,CROOK
,HIES,CROON
,HIGH,CROPS
,HIKE,CRORE
,HILL,CROSS
,HILT,CROUP
,HIND,CROWD
,HINT,CROWN
,HIPS,CROWS
,HIRE,CRUDE
,HISS,CRUEL
,HITS,CRUET
,HIVE,CRUMB
,HIYA,CRUMP
,HMMM,CRUNK
,HOAX,CRUSH
,HOBO,CRUST
,HOBS,CRYPT
,HOCK,CUBBY
,HODS,CUBED
,HOED,CUBES
,HOES,CUBIC
,HOGS,CUBIT
,HOKI,CUFFS
,HOLD,CUKES
,HOLE,CULLS
,HOLM,CULPA
,HOLS,CULTS
,HOLT,CUMIN
,HOLY,CUPPA
,HOME,CURBS
,HOMO,CURDS
,HONE,CURED
,HONK,CURES
,HOOD,CURIE
,HOOF,CURIO
,HOOK,CURLS
,HOOP,CURLY
,HOOT,CURRY
,HOPE,CURSE
,HOPS,CURVE
,HORN,CURVY
,HOSE,CUSHY
,HOST,CUTER
,HOTS,CUTEY
,HOUR,CUTIE
,HOVE,CUTIS
,HOWL,CUTUP
,HOYA,CWTCH
,HUBS,CYBER
,HUED,CYCAD
,HUES,CYCLE
,HUFF,CYCLO
,HUGE,CYDER
,HUGS,CYNIC
,HULA,CYSTS
,HULK,CZARS
,HULL,DADDY
,HUMP,DADOS
,HUMS,DAFFY
,HUNG,DAGGY
,HUNK,DAILY
,HUNT,DAIRY
,HURL,DAISY
,HURT,DALES
,HUSH,DALLY
,HUSK,DAMES
,HUTS,DAMNS
,HYMN,DAMPS
,HYPE,DANCE
,HYPO,DANDY
,IAMB,DARED
,IBEX,DARES
,IBIS,DARNS
,ICED,DARTS
,ICES,DATED
,ICKY,DATES
,ICON,DATUM
,IDEA,DAUBE
,IDEM,DAUBS
,IDES,DAUNT
,IDLE,DAWNS
,IDLY,DAZED
,IDOL,DEALS
,IDYL,DEALT
,IFFY,DEANS
,IKAT,DEARS
,IKON,DEATH
,ILEX,DEBAR
,ILIA,DEBIT
,ILLS,DEBTS
,IMAM,DEBUG
,IMPS,DEBUT
,INCH,DECAF
,INFO,DECAL
,INKS,DECAY
,INKY,DECKS
,INNS,DECOR
,INTO,DECOY
,IONS,DECRY
,IOTA,DEEDS
,IRIS,DEEMS
,IRKS,DEETS
,IRON,DEFAT
,ISLE,DEFER
,ISMS,DEFFO
,ITCH,DEIFY
,ITEM,DEIGN
,JABS,DEISM
,JACK,DEITY
,JADE,DEKED
,JAGS,DEKES
,JAIL,DELAY
,JAMB,DELIS
,JAMS,DELLS
,JANE,DELTA
,JAPE,DELTS
,JARS,DELVE
,JAVA,DEMON
,JAWS,DEMOS
,JAYS,DEMUR
,JAZZ,DENIM
,JEAN,DENSE
,JEEP,DENTS
,JEER,DEPOT
,JEEZ,DEPTH
,JELL,DERBY
,JERK,DERMA
,JEST,DESIS
,JETS,DESKS
,JIBE,DETER
,JIBS,DETOX
,JIFF,DEUCE
,JIGS,DEVIL
,JILT,DEVON
,JINN,DHOTI
,JINX,DIALS
,JIVE,DIARY
,JIZZ,DICED
,JOBS,DICES
,JOCK,DICEY
,JOES,
,JOEY,DICKY
,JOGS,DICOT
,JOHN,DICTA
,JOIN,DIDDY
,JOKE,DIETS
,JOLT,DIGIT
,JOSH,DIKES
,JOSS,DILDO
,JOTS,DILLY
,JOWL,DIMES
,JOYS,DIMLY
,JUDO,DINAR
,JUGS,DINED
,JUJU,DINER
,JUKE,DINES
,JUMP,DINGO
,JUNK,DINGS
,JURY,DINGY
,JUST,DINKS
,JUTE,DINKY
,JUTS,DINTS
,KALE,DIODE
,KART,DIPPY
,KATA,DIPSO
,KEEL,DIRGE
,KEEN,DIRKS
,KEEP,DIRTY
,KEGS,DISCO
,KELP,DISCS
,KENS,DISHY
,KEPT,DISKS
,KERB,DITCH
,KEYS,DITSY
,KHAN,DITTO
,KHAT,DITTY
,KICK,DITZY
,KIDS,DIVAN
,KILL,DIVAS
,KILN,DIVED
,KILO,DIVER
,KILT,DIVES
,KIND,DIVIS
,KING,DIVOT
,KINK,DIVVY
,KIPS,DIZZY
,KIRK,DJINN
,KIRS,DOBRO
,KISS,DOCKS
,KITE,DODGE
,KITH,DODGY
,KITS,DODOS
,KIVA,DOERS
,KIWI,DOEST
,KNEE,DOETH
,KNEW,DOFFS
,KNIT,DOGGO
,KNOB,DOGGY
,KNOT,DOGIE
,KNOW,DOGMA
,KOOK,DOILY
,KRIS,DOING
,LABS,DOJOS
,LACE,DOLED
,LACK,DOLES
,LACY,DOLLS
,LADS,DOLLY
,LADY,DOLMA
,LAGS,DOLTS
,LAID,DOMED
,LAIN,DOMES
,LAIR,DONEE
,LAKE,DONGA
,LAKH,DONGS
,LAMA,DONNA
,LAMB,DONOR
,LAME,DONUT
,LAMP,DOOMS
,LAND,DOOMY
,LANE,DOONA
,LANK,DOORS
,LAPS,DOOZY
,LARD,DOPES
,LARK,DOPEY
,LARP,DORKS
,LASH,DORKY
,LASS,DORMS
,LAST,DORSA
,LATE,DOSAS
,LATH,DOSES
,LATS,DOTED
,LAUD,DOTES
,LAVA,DOTTY
,LAVS,DOUBT
,LAWN,DOUCE
,LAWS,DOUGH
,LAYS,DOULA
,LAZE,DOUSE
,LAZY,DOVES
,LEAD,DOWDY
,LEAF,DOWEL
,LEAK,DOWER
,LEAN,DOWNS
,LEAP,DOWNY
,LEAS,DOWRY
,LECH,DOWSE
,LEDE,DOXED
,LEEK,DOXES
,LEER,DOYEN
,LEET,DOZED
,LEFT,DOZEN
,LEGS,DOZER
,LEIS,DOZES
,LEND,DRAFT
,LENS,DRAGS
,LENT,DRAIN
,LESS,DRAKE
,LEST,DRAMA
,LETS,DRAMS
,LEVY,DRANK
,LEWD,DRAPE
,LIAR,DRAWL
,LIBS,DRAWN
,LICE,DRAWS
,LICK,DRAYS
,LIDO,DREAD
,LIDS,DREAM
,LIED,DRECK
,LIEF,DREGS
,LIEN,DRESS
,LIES,DREYS
,LIEU,DRIBS
,LIFE,DRIED
,LIFT,DRIER
,LIKE,DRIES
,LILT,DRIFT
,LILY,DRILL
,LIMA,DRILY
,LIMB,DRINK
,LIME,DRIPS
,LIMN,DRIVE
,LIMO,DROID
,LIMP,DROIT
,LINE,DROLL
,LING,DROME
,LINK,DRONE
,LINO,DROOL
,LINT,DROOP
,LION,DROPS
,LIPO,DROSS
,LIPS,DROVE
,LIRA,DROWN
,LISP,DRUGS
,LIST,DRUID
,LITE,DRUMS
,LIVE,DRUNK
,LOAD,DRUPE
,LOAF,DRYAD
,LOAN,DRYER
,LOBE,DRYLY
,LOBS,DUALS
,LOCH,DUCAL
,LOCI,DUCHY
,LOCK,DUCKS
,LOCO,DUCKY
,LODE,DUCTS
,LOFT,DUDES
,LOGE,DUELS
,LOGO,DUETS
,LOGS,DUFFS
,LOGY,DUKES
,LOIN,DULLS
,LOLL,DULLY
,LOLZ,DULSE
,LOME,DUMBS
,LONE,DUMMY
,LONG,DUMPS
,LOOK,DUMPY
,LOOM,DUNCE
,LOON,DUNES
,LOOP,DUNNO
,LOOS,DUNNY
,LOOT,DUPED
,LOPE,DUPES
,LOPS,DUPLE
,LORD,DURRY
,LORE,DURUM
,LORN,DUSKY
,LOSE,DUSTS
,LOSS,DUSTY
,LOST,DUTCH
,LOTH,DUVET
,LOTS,DUXES
,LOUD,DWARF
,LOUT,DWEEB
,LOVE,DWELL
,LOWS,DWELT
,LUBE,DYADS
,LUCK,DYERS
,LUGE,DYING
,LUGS,DYKES
,LULL,EAGER
,LULU,EAGLE
,LUMP,EARED
,LUNG,EARLS
,LURE,EARLY
,LURK,EARNS
,LUSH,EARTH
,LUST,EASED
,LUTE,EASEL
,LUXE,EASES
,LYES,EATEN
,LYME,EATER
,LYNX,EAVES
,LYRE,EBBED
,MACE,EBONY
,MACK,EBOOK
,MACS,ECLAT
,MADE,EDEMA
,MAGE,EDGED
,MAGI,EDGES
,MAGS,EDICT
,MAID,EDIFY
,MAIL,EDITS
,MAIM,EDUCE
,MAIN,EEJIT
,MAKE,EERIE
,MALA,EFFED
,MALE,EGADS
,MALL,EGGED
,MALT,EGRET
,MAMA,EIGHT
,MAMS,EJECT
,MANE,EKING
,MANO,ELATE
,MANS,ELBOW
,MANY,ELDER
,MAPS,ELECT
,MARE,ELEGY
,MARK,ELFIN
,MARL,ELIDE
,MART,ELITE
,MASA,ELOPE
,MASH,ELUDE
,MASK,ELVEN
,MASS,ELVER
,MAST,ELVES
,MATE,EMAIL
,MATH,EMBED
,MATS,EMBER
,MATT,EMCEE
,MAUL,EMEND
,MAWS,EMERY
,MAXI,EMIRS
,MAYO,EMITS
,MAYS,EMMER
,MAZE,EMMET
,MAZY,EMOJI
,MEAD,EMOTE
,MEAL,EMPTY
,MEAN,ENACT
,MEAT,ENDED
,MEDS,ENDOW
,MEEK,ENEMA
,MEET,ENEMY
,MEGA,ENJOY
,MEGS,ENNUI
,MELD,ENOKI
,MELT,ENROL
,MEME,ENSUE
,MEMO,ENTER
,MEND,ENTRY
,MENU,ENVOY
,MEOW,EPEES
,MERC,EPICS
,MERE,EPOCH
,MESA,EPOXY
,MESH,EQUAL
,MESS,EQUID
,META,EQUIP
,METE,ERASE
,METH,ERECT
,MEWL,ERHUS
,MEWS,ERODE
,MEZE,ERRED
,MICA,ERROR
,MICE,ERUPT
,MICS,ESKER
,MIDI,ESSAY
,MIEN,ESTER
,MIKE,ETHER
,MILD,ETHIC
,MILE,ETHOS
,MILF,ETHYL
,MILK,ETUDE
,MILL,ETYMA
,MILO,EUROS
,MIME,EVADE
,MIND,EVENS
,MINE,EVENT
,MINI,EVERT
,MINK,EVERY
,MINT,EVICT
,MINX,EVILS
,MIRE,EVOKE
,MIRY,EWERS
,MISO,EXACT
,MISS,EXALT
,MIST,EXAMS
,MITE,EXCEL
,MITT,EXECS
,MOAN,EXERT
,MOAT,EXILE
,MOBS,EXIST
,MOCK,EXITS
,MODE,EXPAT
,MODS,EXPEL
,MOJO,EXPOS
,MOLD,EXTOL
,MOLE,EXTRA
,MOLL,EXUDE
,MOLT,EXULT
,MOLY,EXURB
,MOMS,EYING
,MONK,EYRIE
,MONO,EZINE
,MOOD,FABLE
,MOOK,FACED
,MOON,FACES
,MOOR,FACET
,MOOS,FACIA
,MOOT,FACTS
,MOPE,FADDY
,MOPS,FADED
,MORE,FADES
,MORN,FAFFS
,MOSH,FAGOT
,MOSS,FAILS
,MOST,FAINT
,MOTE,FAIRS
,MOTH,FAIRY
,MOVE,FAITH
,MOWN,FAKED
,MOWS,FAKER
,MUCH,FAKES
,MUCK,FAKIR
,MUFF,FALLS
,MUGS,FALSE
,MULE,FAMED
,MULL,FAMES
,MUMS,FANCY
,MUNG,FANGS
,MUNI,FANNY
,MUON,FAQIR
,MURK,FARAD
,MUSE,FARCE
,MUSH,FARED
,MUSK,FARES
,MUSS,FARLS
,MUST,FARMS
,MUTE,FARRO
,MUTT,FARTS
,MWAH,FASTS
,MYTH,FATAL
,NAAN,FATED
,NABS,FATES
,NADS,FATSO
,NAFF,FATTY
,NAGS,FATWA
,NAIL,FAULT
,NAME,FAUNA
,NANA,FAUNS
,NANO,FAVES
,NANS,FAVOR
,NAPE,FAWNS
,NAPS,FAXED
,NARC,FAXES
,NARK,FAYRE
,NARY,FAZED
,NATS,FAZES
,NAVE,FEARS
,NAVY,FEAST
,NAYS,FEATS
,NEAP,FECAL
,NEAR,FECES
,NEAT,FEEDS
,NECK,FEELS
,NEED,FEIGN
,NEEP,FEINT
,NEGS,FELID
,NEON,FELLA
,NERD,FELLS
,NESS,FELON
,NEST,FELTS
,NETS,FEMME
,NEWS,FEMUR
,NEWT,FENCE
,NEXT,FENDS
,NIBS,FERAL
,NICE,FERNS
,NICK,FERRY
,NIGH,FESTS
,NINE,FETAL
,NIPS,FETCH
,NITE,FETED
,NITS,FETES
,NOBS,FETID
,NOCK,FETUS
,NODE,FEUDS
,NODS,FEVER
,NOEL,FEWER
,NOES,FIATS
,NOIR,FIBER
,NOMS,FIBRE
,NONE,FIBRO
,NONI,FICHE
,NOOB,FICUS
,NOOK,FIEFS
,NOON,FIELD
,NOPE,FIEND
,NORI,FIERY
,NORM,FIFTH
,NOSE,FIFTY
,NOSH,FIGGY
,NOSY,FIGHT
,NOTE,FILCH
,NOUN,FILED
,NOUS,FILES
,NOVA,FILET
,NOWT,FILLS
,NUDE,FILLY
,NUKE,FILMS
,NUMB,FILMY
,NUNS,FILTH
,NUTS,FINAL
,OAFS,FINCH
,OAKS,FINDS
,OARS,FINED
,OATH,FINER
,OATS,FINES
,OBEY,FINKS
,OBIT,FINNY
,OBOE,FIORD
,OBVS,FIRED
,ODDS,FIRES
,ODES,FIRMS
,ODOR,FIRST
,OFFS,FIRTH
,OGLE,FISHY
,OGRE,FISKS
,OHMS,FISTS
,OIKS,FITCH
,OILS,FITLY
,OILY,FIVER
,OINK,FIVES
,OKAY,FIXED
,OLDE,FIXER
,OMEN,FIXES
,OMIT,FIZZY
,ONCE,FJORD
,ONES,FLACK
,ONLY,FLAGS
,ONTO,FLAIL
,ONUS,FLAIR
,ONYX,FLAKE
,OOPS,FLAKY
,OOZE,FLAME
,OOZY,FLAMS
,OPAL,FLANK
,OPEN,FLANS
,OPUS,FLAPS
,ORAL,FLARE
,ORBS,FLASH
,ORCS,FLASK
,ORES,FLATS
,ORGY,FLAWS
,OURS,FLAYS
,OUST,FLEAS
,OUTS,FLECK
,OVAL,FLEEK
,OVEN,FLEES
,OVER,FLEET
,OWED,FLESH
,OWES,FLICK
,OWLS,FLIER
,OWNS,FLIES
,OXEN,FLING
,PACE,FLINT
,PACK,FLIPS
,PACT,FLIRT
,PADS,FLITS
,PAGE,FLOAT
,PAID,FLOCK
,PAIL,FLOES
,PAIN,FLOGS
,PAIR,FLOOD
,PALE,FLOOR
,PALL,FLOPS
,PALM,FLORA
,PALS,FLOSS
,PANE,FLOUR
,PANG,FLOUT
,PANS,FLOWN
,PANT,FLOWS
,PAPA,FLUBS
,PAPS,FLUES
,PARA,FLUFF
,PARE,FLUID
,PARK,FLUKE
,PARS,FLUKY
,PART,FLUME
,PASS,FLUNG
,PAST,FLUNK
,PATE,FLUSH
,PATH,FLUTE
,PATS,FLYBY
,PAVE,FLYER
,PAWN,FOALS
,PAWS,FOAMS
,PAYS,FOAMY
,PEAK,FOCAL
,PEAL,FOCUS
,PEAR,FOEHN
,PEAS,FOGEY
,PEAT,FOGGY
,PECK,FOILS
,PECS,FOIST
,PEED,FOLDS
,PEEL,FOLIO
,PEEP,FOLKS
,PEER,FOLLY
,PEGS,FONTS
,PELT,FOODS
,PENS,FOODY
,PENT,FOOLS
,PERK,FOOTS
,PERT,FOOTY
,PESO,FORAY
,PEST,FORCE
,PETS,FORDS
,PEWS,FORES
,PHIS,FOREX
,PICK,FORGE
,PIER,FORGO
,PIES,FORKS
,PIGS,FORMS
,PIKE,FORTE
,PILE,FORTH
,PILL,FORTS
,PIMP,FORTY
,PINE,FORUM
,PINK,FOSSA
,PINS,FOULS
,PINT,FOUND
,PIPE,FOUNT
,PISS,FOURS
,PITH,FOVEA
,PITS,FOWLS
,PITY,FOXED
,PLAN,FOXES
,PLAT,FOYER
,PLAY,FRACK
,PLEA,FRAIL
,PLOD,FRAME
,PLOT,FRANC
,PLOW,FRANK
,PLOY,FRASS
,PLUG,FRATS
,PLUM,FRAUD
,PLUS,FRAYS
,PODS,FREAK
,POEM,FREED
,POET,FREER
,POIS,FREES
,POKE,FRESH
,POLE,FRETS
,POLL,FRIAR
,POLO,FRIED
,POMP,FRIER
,POND,FRIES
,PONS,FRILL
,PONY,FRISK
,POOH,FRITZ
,POOL,FRIZZ
,POOR,FROCK
,POPE,FROGS
,POPS,FROND
,PORE,FRONT
,PORK,FROSH
,PORT,FROST
,POSE,FROTH
,POST,FROWN
,POTS,FROZE
,POUR,FRUIT
,POUT,FRUMP
,PRAM,FRYER
,PRAY,FUBSY
,PREP,FUDGE
,PREY,FUELS
,PRIG,FUGAL
,PRIM,FUGGY
,PROD,FUGLY
,PROM,FUGUE
,PROP,FULLY
,PROS,FUMED
,PROW,FUMES
,PSIS,FUMET
,PSST,FUNDI
,PUBE,FUNDS
,PUBS,FUNGI
,PUCE,FUNGO
,PUCK,FUNKY
,PUDS,FUNNY
,PUFF,FURLS
,PUGS,FUROR
,PUKE,FURRY
,PULI,FURZE
,PULL,FUSED
,PULP,FUSES
,PUMA,FUSSY
,PUMP,FUSTY
,PUNK,FUTON
,PUNS,FUZZY
,PUNT,GABBY
,PUNY,GABLE
,PUPA,GAFFE
,PUPS,GAFFS
,PURE,GAGED
,PURI,GAGES
,PURL,GAILY
,PURR,GAINS
,PUSH,GAITS
,PUSS,GALAH
,PUTS,GALAS
,PUTT,GALES
,PUTZ,GALLS
,PYRE,GAMED
,QUAD,GAMER
,QUAY,GAMES
,QUID,GAMMA
,QUIM,GAMMY
,QUIP,GAMUT
,QUIT,GANGS
,QUIZ,GANJA
,RACE,GAOLS
,RACK,GAPED
,RACY,GAPES
,RAFT,GARBS
,RAGA,GARDA
,RAGE,GASES
,RAGS,GASPS
,RAGU,GASSY
,RAID,GATED
,RAIL,GATES
,RAIN,GATOR
,RAKE,GAUDY
,RALE,GAUGE
,RAMI,GAUNT
,RAMP,GAUZE
,RAMS,GAUZY
,RAND,GAVEL
,RANG,GAWKS
,RANI,GAWKY
,RANK,GAWPS
,RANT,GAYER
,RAPE,GAYLY
,RAPS,GAZED
,RAPT,GAZER
,RARE,GAZES
,RASH,GEARS
,RASP,GECKO
,RATA,GEEKS
,RATE,GEEKY
,RATS,GEESE
,RAVE,GELDS
,RAWS,GENES
,RAYS,GENIC
,RAZE,GENIE
,READ,GENII
,REAL,GENOA
,REAM,GENRE
,REAP,GENTS
,REAR,GENUS
,RECS,GEOID
,REDO,GERMS
,REDS,GERMY
,REED,GESSO
,REEF,GETUP
,REEK,GHATS
,REEL,GHOST
,REFS,GHOUL
,REGS,GIANT
,REIN,GIBES
,RELY,GIDDY
,REND,GIFTS
,RENO,GILDS
,RENT,GILET
,REPO,GILLS
,REPS,GILTS
,REST,GIMME
,RETE,GIMPS
,REVS,GIPSY
,RIAD,GIRDS
,RIAL,GIRLS
,RIBS,GIRLY
,RICE,GIROS
,RICH,GIRTH
,RICK,GISMO
,RIDE,GITES
,RIDS,GIVEN
,RIFE,GIVER
,RIFF,GIVES
,RIFT,GIZMO
,RIGS,GLADE
,RILE,GLADS
,RILL,GLAND
,RIME,GLANS
,RIMS,GLARE
,RIMY,GLASS
,RIND,GLAZE
,RING,GLEAM
,RINK,GLEAN
,RIOT,GLENS
,RIPE,GLIDE
,RIPS,GLINT
,RISE,GLITZ
,RISK,GLOAT
,RITE,GLOBE
,RIVE,GLOBS
,ROAD,GLOOM
,ROAM,GLOOP
,ROAN,GLORY
,ROAR,GLOSS
,ROBE,GLOVE
,ROBS,GLOWS
,ROCK,GLUED
,RODE,GLUES
,RODS,GLUEY
,ROIL,GLUON
,ROLE,GLUTE
,ROLL,GLUTS
,ROMA,GLYPH
,ROMP,GNARL
,ROOF,GNASH
,ROOK,GNATS
,ROOM,GNAWS
,ROOS,GNOME
,ROOT,GOADS
,ROPE,GOALS
,ROPY,GOATS
,RORT,GOBBY
,ROSE,GODLY
,ROSY,GOERS
,ROTA,GOETH
,ROTE,GOFER
,ROTI,GOING
,ROTS,GOLDS
,ROUT,GOLEM
,ROUX,GOLFS
,ROVE,GOLLY
,ROWS,GONAD
,RUBE,GONER
,RUBS,GONGS
,RUBY,GONZO
,RUCK,GOODS
,RUDE,GOODY
,RUED,GOOEY
,RUES,GOOFS
,RUFF,GOOFY
,RUGS,GOONS
,RUIN,GOOSE
,RULE,GORED
,RUMP,GORES
,RUMS,GORGE
,RUNE,GORSE
,RUNG,GOUGE
,RUNS,GOURD
,RUNT,GOUTY
,RUSE,GOWNS
,RUSH,GRABS
,RUSK,GRACE
,RUST,GRADE
,RUTS,GRADS
,RYOT,GRAFT
,SAAG,GRAIL
,SACK,GRAIN
,SACS,GRAMS
,SAFE,GRAND
,SAGA,GRANS
,SAGE,GRANT
,SAGO,GRAPE
,SAGS,GRAPH
,SAID,GRASP
,SAIL,GRASS
,SAKE,GRATE
,SAKI,GRAVE
,SALE,GRAVY
,SALT,GRAYS
,SAME,GRAZE
,SAND,GREAT
,SANE,GREBE
,SANG,GREED
,SANK,GREEK
,SANS,GREEN
,SAPS,GREET
,SARI,GREYS
,SARK,GRIDS
,SASH,GRIEF
,SASS,GRIFT
,SATE,GRILL
,SATI,GRIME
,SAVE,GRIMY
,SAWN,GRIND
,SAWS,GRINS
,SAYS,GRIOT
,SCAB,GRIPE
,SCAM,GRIPS
,SCAN,GRIST
,SCAR,GRITS
,SCAT,GROAN
,SCOT,GROAT
,SCRY,GROIN
,SCUD,GROOM
,SCUM,GROPE
,SCUT,GROSS
,SEAL,GROUP
,SEAM,GROUT
,SEAR,GROVE
,SEAS,GROWL
,SEAT,GROWN
,SECS,GROWS
,SECT,GRUBS
,SEED,GRUEL
,SEEK,GRUFF
,SEEM,GRUMP
,SEEN,GRUNT
,SEEP,GUANO
,SEER,GUARD
,SEES,GUAVA
,SELF,GUESS
,SELL,GUEST
,SEMI,GUIDE
,SEND,GUILD
,SENS,GUILE
,SENT,GUILT
,SEPT,GUISE
,SERA,GULAG
,SERF,GULCH
,SESH,GULES
,SETS,GULFS
,SETT,GULLS
,SEWN,GULLY
,SEWS,GULPS
,SEXY,GUMBO
,SHAD,GUMMY
,SHAG,GUNGE
,SHAH,GUNKY
,SHAM,GUNNY
,SHAW,GUPPY
,SHEA,GURUS
,SHED,GUSHY
,SHES,GUSSY
,SHEW,GUSTO
,SHIM,GUSTS
,SHIN,GUSTY
,SHIP,GUTSY
,SHIV,GUTTY
,SHOD,GUYOT
,SHOE,GYPSY
,SHOO,GYRED
,SHOP,GYROS
,SHOT,GYRUS
,SHOW,HABIT
,SHUN,HACKS
,SHUT,HADST
,SICK,HAIKU
,SICS,HAILS
,SIDE,HAIRS
,SIFT,HAIRY
,SIGH,HAJIS
,SIGN,HAJJI
,SIGS,HAKAS
,SILK,HAKES
,SILL,HALAL
,SILO,HALLO
,SILT,HALLS
,SIMP,HALOS
,SIMS,HALTS
,SINE,HALVA
,SING,HALVE
,SINK,HAMMY
,SINS,HANDS
,SIPS,HANDY
,SIRE,HANGS
,SIRS,HANKY
,SITE,HAPPY
,SITS,HARAM
,SIZE,HARDS
,SKEP,HARDY
,SKEW,HARED
,SKID,HAREM
,SKIM,HARES
,SKIN,HARKS
,SKIP,HARMS
,SKIS,HARPS
,SKIT,HARPY
,SKUA,HARRY
,SKYR,HARSH
,SLAB,HARTS
,SLAG,HASPS
,SLAM,HASTE
,SLAP,HASTY
,SLAT,HATCH
,SLAW,HATED
,SLAY,HATER
,SLED,HATES
,SLEW,HAULM
,SLID,HAULS
,SLIM,HAUNT
,SLIP,HAUTE
,SLIT,HAVEN
,SLOB,HAVES
,SLOE,HAVOC
,SLOG,HAWKS
,SLOP,HAZED
,SLOT,HAZEL
,SLOW,HAZES
,SLUG,HEADS
,SLUM,HEADY
,SLUR,HEALS
,SLUT,HEAPS
,SMOG,HEARD
,SMUG,HEARS
,SMUT,HEART
,SNAG,HEATH
,SNAP,HEATS
,SNIP,HEAVE
,SNIT,HEAVY
,SNOB,HEDGE
,SNOG,HEEDS
,SNOT,HEELS
,SNOW,HEFTS
,SNUB,HEFTY
,SNUG,HEIGH
,SOAK,HEIRS
,SOAP,HEIST
,SOAR,HELIO
,SOBA,HELIX
,SOBS,HELLO
,SOCA,HELMS
,SOCK,HELPS
,SODA,HENCE
,SODS,HENCH
,SOFA,HENGE
,SOFT,HENNA
,SOIL,HENRY
,SOLD,HERBS
,SOLE,HERBY
,SOLO,HERDS
,SOLS,HERON
,SOMA,HERTZ
,SOME,HEWED
,SONG,HEXED
,SONS,HEXES
,SOOK,HICKS
,SOON,HIDES
,SOOT,HIGHS
,SOPS,HIJAB
,SORE,HIJRA
,SORT,HIKED
,SOTS,HIKER
,SOUK,HIKES
,SOUL,HILLS
,SOUP,HILLY
,SOUR,HILTS
,SOUS,HILUM
,SOWN,HINDS
,SOWS,HINGE
,SOYA,HINKY
,SPAM,HINTS
,SPAN,HIPPO
,SPAR,HIPPY
,SPAS,HIRED
,SPAT,HIRES
,SPAY,HITCH
,SPEC,HIVED
,SPED,HIVES
,SPEW,HOARD
,SPIN,HOARY
,SPIT,HOBBY
,SPIV,HOBOS
,SPOD,HOCKS
,SPOT,HOCUS
,SPRY,HOICK
,SPUD,HOIST
,SPUN,HOKEY
,SPUR,HOKUM
,STAB,HOLDS
,STAG,HOLED
,STAR,HOLES
,STAT,HOLLY
,STAY,HOLTS
,STEM,HOMED
,STEP,HOMER
,STEW,HOMES
,STIR,HOMEY
,STOP,HOMIE
,STOW,HOMOS
,STUB,HONED
,STUD,HONES
,STUN,HONEY
,STYE,HONKS
,SUBS,HONOR
,SUCH,HOOCH
,SUCK,HOODS
,SUDS,HOODY
,SUED,HOOEY
,SUES,HOOFS
,SUET,HOOKS
,SUIT,HOOKY
,SULK,HOOPS
,SUMO,HOOTS
,SUMP,HOPED
,SUMS,HOPES
,SUNG,HORDE
,SUNK,HORNS
,SUNS,HORNY
,SUPS,HORSE
,SUQS,HORSY
,SURE,HOSED
,SURF,HOSEL
,SUSS,HOSER
,SWAB,HOSES
,SWAG,HOSTA
,SWAM,HOSTS
,SWAN,HOTEL
,SWAP,HOTLY
,SWAT,HOUND
,SWAY,HOURS
,SWIG,HOUSE
,SWIM,HOVEL
,SWIZ,HOVER
,SWOP,HOWDY
,SWOT,HOWLS
,SWUM,HOYAS
,SYNC,HUBBY
,SYNE,HUFFS
,TABI,HUFFY
,TABS,HULAS
,TACK,HULKS
,TACO,HULLO
,TACT,HULLS
,TAGS,HUMAN
,TAIL,HUMIC
,TAKA,HUMID
,TAKE,HUMOR
,TALC,HUMPH
,TALE,HUMPS
,TALK,HUMPY
,TALL,HUMUS
,TAME,HUNCH
,TAMP,HUNKS
,TANG,HUNKY
,TANK,HUNTS
,TANS,HURLS
,TAPE,HURRY
,TAPS,HURTS
,TAPU,HUSKS
,TARE,HUSKY
,TARN,HUSSY
,TARO,HUTCH
,TARP,HYDRA
,TARS,HYDRO
,TART,HYENA
,TASE,HYGGE
,TASH,HYMEN
,TASK,HYMNS
,TATS,HYOID
,TAUS,HYPED
,TAUT,HYPER
,TAXI,HYPES
,TEAK,HYPHA
,TEAL,HYSON
,TEAM,IAMBS
,TEAR,ICHOR
,TEAS,ICIER
,TEAT,ICILY
,TECH,ICING
,TEED,ICONS
,TEEM,IDEAL
,TEEN,IDEAS
,TEES,IDENT
,TEFF,IDIOM
,TELE,IDIOT
,TELL,IDLED
,TEMP,IDLER
,TEND,IDLES
,TENS,IDOLS
,TENT,IDYLL
,TERF,IFTAR
,TERM,IGLOO
,TERN,IKONS
,TEST,ILEUM
,TEXT,ILEUS
,THAN,ILIAC
,THAT,ILIUM
,THAW,IMAGE
,THEE,IMAMS
,THEM,IMBED
,THEN,IMBUE
,THEW,IMPEL
,THEY,IMPLY
,THIN,INANE
,THIS,INAPT
,THOU,INBOX
,THRU,INCEL
,THUD,INCUR
,THUG,INCUS
,THUS,INDEX
,TICK,INDIE
,TICS,INEPT
,TIDE,INERT
,TIDY,INFER
,TIED,INFIX
,TIER,INFRA
,TIES,INGOT
,TIFF,INION
,TIFO,INKED
,TIKE,INLAY
,TIKI,INLET
,TILE,INNER
,TILL,INPUT
,TILT,INSET
,TIME,INSPO
,TINE,INTEL
,TING,INTER
,TINS,INTRO
,TINT,INURE
,TINY,IONIC
,TIPI,IOTAS
,TIPS,IRATE
,TIRE,IRKED
,TITS,IRONS
,TIZZ,IRONY
,TOAD,ISLES
,TOBY,ISLET
,TOCK,ISSUE
,TOED,ITCHY
,TOES,ITEMS
,TOFF,IVIED
,TOFU,IVIES
,TOGA,IVORY
,TOGS,IXNAY
,TOIL,JACKS
,TOKE,JADED
,TOLD,JADES
,TOLL,JAFFA
,TOMB,JAGGY
,TOME,JAILS
,TOMS,JAMBS
,TONE,JAMMY
,TONG,JANES
,TONS,JANKY
,TONY,JAPAN
,TOOK,JAPES
,TOOL,JAUNT
,TOOT,JAZZY
,TOPS,JEANS
,TORE,JEEPS
,TORN,JEERS
,TORR,JELLO
,TORS,JELLS
,TORT,JELLY
,TORY,JENNY
,TOSA,JERKS
,TOSH,JERKY
,TOSS,JERRY
,TOTE,JESTS
,TOTS,JETTY
,TOUR,JEWEL
,TOUT,JIBED
,TOWN,JIBES
,TOWS,JIFFS
,TOYS,JIFFY
,TRAM,JIGGY
,TRAP,JILTS
,TRAY,JIMMY
,TREE,JINGO
,TREK,JINKS
,TRIG,JINNS
,TRIM,JIVED
,TRIO,JIVES
,TRIP,JOCKS
,TROD,JOEYS
,TROT,JOHNS
,TRUE,JOINS
,TRUG,JOINT
,TUBA,JOIST
,TUBE,JOKED
,TUBS,JOKER
,TUCK,JOKES
,TUFF,JOKEY
,TUFT,JOLLY
,TUGS,JOLTS
,TUMS,JONES
,TUNA,JOULE
,TUNE,JOUST
,TUNS,JOWLS
,TURD,JUDAS
,TURF,JUDGE
,TURN,JUDGY
,TUSH,JUICE
,TUSK,JUICY
,TUTS,JUKED
,TUTU,JUKES
,TWAT,JULEP
,TWEE,JUMBO
,TWIG,JUMPS
,TWIN,JUMPY
,TWIT,JUNKS
,TWOS,JUNKY
,TYKE,JUNTA
,TYPE,JUNTO
,TYPO,JUROR
,TYRE,JUVIE
,TYRO,KABOB
,UDON,KANJI
,UFOS,KAPOK
,UGLY,KAPPA
,UKES,KAPUT
,ULNA,KARAT
,UMBO,KARMA
,UMPS,KARST
,UNDO,KARTS
,UNIS,KASHA
,UNIT,KATAS
,UNTO,KAYAK
,UPDO,KAZOO
,UPON,KEBAB
,UREA,KECKS
,URGE,KEELS
,URIC,KEENS
,URNS,KEEPS
,USED,KEFIR
,USER,KENDO
,USES,KERBS
,UTES,KETCH
,UVEA,KEYED
,VACS,KHAKI
,VAIL,KICKS
,VAIN,KICKY
,VALE,KIDDO
,VAMP,KIDDY
,VANE,KILLS
,VANS,KILNS
,VAPE,KILOS
,VARY,KILTS
,VASE,KINDA
,VAST,KINDS
,VATS,KINGS
,VEAL,KINKS
,VEEP,KINKY
,VEER,KIOSK
,VEES,KIPPA
,VEIL,KIRKS
,VEIN,KITES
,VELD,KITTY
,VEND,KIVAS
,VENT,KIWIS
,VERB,KLUTZ
,VERT,KNACK
,VERY,KNAVE
,VEST,KNEAD
,VETO,KNEED
,VETS,KNEEL
,VIAL,KNEES
,VIBE,KNELL
,VICE,KNELT
,VIDE,KNIFE
,VIED,KNISH
,VIES,KNITS
,VIEW,KNOBS
,VILE,KNOCK
,VINE,KNOLL
,VINO,KNOTS
,VIOL,KNOWN
,VISA,KNOWS
,VISE,KOALA
,VIVA,KOFTA
,VIVO,KOMBU
,VLOG,KOOKS
,VOID,KOOKY
,VOLE,KORAS
,VOLT,KORMA
,VOTE,KRAUT
,VOWS,KRILL
,WACK,KUDOS
,WADE,KUGEL
,WADI,LABEL
,WADS,LABIA
,WAFT,LABOR
,WAGE,LACED
,WAGS,LACES
,WAIF,LACKS
,WAIL,LADEN
,WAIN,LADLE
,WAIT,LAGER
,WAKE,LAGGY
,WALK,LAHAR
,WALL,LAIRD
,WAND,LAIRS
,WANE,LAITY
,WANS,LAKES
,WANT,LAKSA
,WARD,LAMAS
,WARE,LAMBS
,WARM,LAMER
,WARN,LAMPS
,WARP,LANAI
,WARS,LANCE
,WART,LANDS
,WARY,LANES
,WASH,LANKY
,WASP,LAPEL
,WATT,LAPSE
,WAVE,LARCH
,WAVY,LARDS
,WAXY,LARGE
,WAYS,LARKS
,WEAK,LARVA
,WEAL,LASER
,WEAN,LASSI
,WEAR,LASSO
,WEBS,LASTS
,WEDS,LATCH
,WEED,LATER
,WEEK,LATEX
,WEEP,LATHE
,WEES,LATHS
,WEFT,LATKE
,WEIR,LATTE
,WELD,LAUDS
,WELL,LAUGH
,WELP,LAVER
,WELT,LAWNS
,WENT,LAYER
,WEPT,LAYUP
,WERE,LAZED
,WEST,LAZES
,WETA,LEADS
,WETS,LEAFS
,WHAM,LEAFY
,WHAT,LEAKS
,WHEE,LEAKY
,WHEN,LEANS
,WHET,LEANT
,WHEW,LEAPS
,WHEY,LEAPT
,WHIG,LEARN
,WHIM,LEASE
,WHIN,LEASH
,WHIP,LEAST
,WHIR,LEAVE
,WHIT,LEDES
,WHIZ,LEDGE
,WHOA,LEECH
,WHOM,LEEKS
,WHOP,LEERS
,WHUP,LEERY
,WICK,LEFTS
,WIDE,LEFTY
,WIFE,LEGAL
,WIGS,LEGGY
,WIKI,LEGIT
,WILD,LEMMA
,WILL,LEMON
,WILT,LEMUR
,WILY,LENDS
,WIMP,LENIS
,WIND,LEPER
,WINE,LETCH
,WING,LETUP
,WINK,LEVEE
,WINO,LEVEL
,WINS,LEVER
,WIPE,LEWIS
,WIRE,LEXIS
,WIRY,LIANA
,WISE,LIARS
,WISH,LIBEL
,WISP,LIBRA
,WITH,LICIT
,WITS,LICKS
,WOAD,LIDOS
,WOES,LIEGE
,WOKE,LIENS
,WOKS,LIFER
,WOLD,LIFTS
,WOLF,LIGHT
,WOMB,LIKED
,WONK,LIKEN
,WONT,LIKES
,WOOD,LILAC
,WOOF,LIMBO
,WOOL,LIMBS
,WOOS,LIMED
,WOOT,LIMES
,WOPS,LIMEY
,WORD,LIMIT
,WORE,LIMNS
,WORK,LIMOS
,WORM,LIMPS
,WORN,LINED
,WORT,LINEN
,WOVE,LINER
,WOWS,LINES
,WRAP,LINGO
,WREN,LINKS
,WRIT,LINUX
,WUSS,LIONS
,YACK,LIPID
,YAKS,LIPPY
,YAMS,LISLE
,YANG,LISPS
,YANK,LISTS
,YAPP,LITER
,YAPS,LITHE
,YARD,LITHO
,YARN,LITRE
,YAWN,LIVED
,YAWS,LIVEN
,YEAH,LIVER
,YEAR,LIVES
,YEAS,LIVID
,YECH,LLAMA
,YEET,LOADS
,YELL,LOAFS
,YELP,LOANS
,YEOW,LOATH
,YETI,LOBAR
,YEWS,LOBBY
,YOBS,LOBES
,YOGA,LOCAL
,YOGI,LOCHS
,YOKE,LOCKS
,YOLK,LOCOS
,YOMP,LOCUM
,YOOF,LOCUS
,YORE,LODES
,YOUR,LODGE
,YOUS,LOESS
,YOWL,LOFTS
,YUAN,LOFTY
,YUCK,LOGES
,YULE,LOGIC
,YURT,LOGIN
,YUZU,LOGON
,ZAGS,LOGOS
,ZANY,LOINS
,ZAPS,LOLLS
,ZEAL,LOLLY
,ZEBU,LONER
,ZEDS,LONGS
,ZEES,LOOKS
,ZERO,LOOMS
,ZEST,LOONS
,ZETA,LOONY
,ZHOS,LOOPS
,ZIGS,LOOPY
,ZINC,LOOSE
,ZINE,LOOTS
,ZING,LOPED
,ZIPS,LOPES
,ZITI,LORDS
,ZITS,LORDY
,ZONE,LORIS
,ZONK,LORRY
,ZOOM,LOSER
,ZOOS,LOSES
,ZOUK,LOSSY
,,LOTTO
,,LOTUS
,,LOUGH
,,LOUSE
,,LOUSY
,,LOUTS
,,LOVED
,,LOVER
,,LOVES
,,LOVEY
,,LOWER
,,LOWLY
,,LOYAL
,,LUBED
,,LUBES
,,LUCID
,,LUCKS
,,LUCKY
,,LUCRE
,,LUDIC
,,LUGES
,,LULLS
,,LULUS
,,LUMEN
,,LUMPS
,,LUMPY
,,LUNAR
,,LUNCH
,,LUNGE
,,LUNGS
,,LUPIN
,,LUPUS
,,LURCH
,,LURED
,,LURES
,,LUREX
,,LURGY
,,LURID
,,LURKS
,,LURVE
,,LUSTS
,,LUSTY
,,LUTES
,,LUVVY
,,LYCEE
,,LYCRA
,,LYING
,,LYMPH
,,LYNCH
,,LYRES
,,LYRIC
,,LYSIN
,,LYSIS
,,MACAW
,,MACES
,,MACHE
,,MACHO
,,MACKS
,,MACRO
,,MADAM
,,MADLY
,,MAFIA
,,MAFIC
,,MAGIC
,,MAGMA
,,MAIDS
,,MAILS
,,MAIMS
,,MAINS
,,MAIZE
,,MAJOR
,,MAKER
,,MAKES
,,MALES
,,MALLS
,,MALTS
,,MALTY
,,MAMAS
,,MAMBA
,,MAMBO
,,MAMMA
,,MAMMY
,,MANES
,,MANGA
,,MANGE
,,MANGO
,,MANGY
,,MANIA
,,MANIC
,,MANKY
,,MANLY
,,MANNA
,,MANOR
,,MANSE
,,MANTA
,,MAPLE
,,MARCH
,,MARDY
,,MARES
,,MARIA
,,MARKS
,,MARRY
,,MARSH
,,MARTS
,,MASKS
,,MASON
,,MASTS
,,MATCH
,,MATED
,,MATER
,,MATES
,,MATEY
,,MATHS
,,MATTE
,,MATZO
,,MAULS
,,MAUVE
,,MAVEN
,,MAXED
,,MAXES
,,MAXIM
,,MAXIS
,,MAYBE
,,MAYOR
,,MAYOS
,,MAZES
,,MEALS
,,MEALY
,,MEANS
,,MEANT
,,MEANY
,,MEATS
,,MEATY
,,MEDAL
,,MEDIA
,,MEDIC
,,MEETS
,,MELBA
,,MELDS
,,MELEE
,,MELON
,,MELTS
,,MEMES
,,MEMOS
,,MENDS
,,MENUS
,,MEOWS
,,MERCH
,,MERCS
,,MERCY
,,MERGE
,,MERIT
,,MERRY
,,MESAS
,,MESON
,,MESSY
,,METAL
,,METED
,,METER
,,METES
,,METRE
,,METRO
,,MEWED
,,MEWLS
,,MEZES
,,MEZZE
,,MEZZO
,,MIAOW
,,MICRO
,,MIDDY
,,MIDGE
,,MIDIS
,,MIDST
,,MIENS
,,MIGHT
,,MIKED
,,MIKES
,,MILES
,,MILFS
,,MILKS
,,MILKY
,,MILLS
,,MIMED
,,MIMES
,,MIMIC
,,MINCE
,,MINDS
,,MINED
,,MINER
,,MINES
,,MINGE
,,MINGY
,,MINIM
,,MINIS
,,MINKE
,,MINKS
,,MINOR
,,MINTS
,,MINUS
,,MIRED
,,MIRES
,,MIRIN
,,MIRTH
,,MISER
,,MISSY
,,MISTS
,,MISTY
,,MITER
,,MITES
,,MITRE
,,MITTS
,,MIXED
,,MIXER
,,MIXES
,,MOANS
,,MOATS
,,MOCHA
,,MOCKS
,,MODAL
,,MODEL
,,MODEM
,,MODES
,,MODUS
,,MOGGY
,,MOGUL
,,MOHEL
,,MOIRE
,,MOIST
,,MOLAL
,,MOLAR
,,MOLDS
,,MOLDY
,,MOLES
,,MOLLS
,,MOLTS
,,MOMMA
,,MOMMY
,,MONDE
,,MONEY
,,MONKS
,,MONTE
,,MONTH
,,MOOBS
,,MOOCH
,,MOODS
,,MOODY
,,MOOED
,,MOOKS
,,MOONS
,,MOONY
,,MOORS
,,MOOSE
,,MOOTS
,,MOPED
,,MOPES
,,MORAL
,,MOREL
,,MORES
,,MORON
,,MORPH
,,MORSE
,,MOSEY
,,MOSSY
,,MOTEL
,,MOTES
,,MOTHS
,,MOTIF
,,MOTOR
,,MOTTE
,,MOTTO
,,MOULD
,,MOULT
,,MOUND
,,MOUNT
,,MOURN
,,MOUSE
,,MOUSY
,,MOUTH
,,MOVED
,,MOVER
,,MOVES
,,MOVIE
,,MOWED
,,MOWER
,,MOXIE
,,MUCKS
,,MUCKY
,,MUCUS
,,MUDDY
,,MUFFS
,,MUFTI
,,MUGGY
,,MULCH
,,MULCT
,,MULES
,,MULEY
,,MULGA
,,MULLS
,,MUMMY
,,MUMPS
,,MUMSY
,,MUNCH
,,MUNIS
,,MUONS
,,MURAL
,,MURKY
,,MUSED
,,MUSES
,,MUSHY
,,MUSIC
,,MUSKY
,,MUSOS
,,MUSTS
,,MUSTY
,,MUTED
,,MUTES
,,MUTTS
,,MUZAK
,,MUZZY
,,MYLAR
,,MYNAH
,,MYRRH
,,MYTHS
,,NAANS
,,NABOB
,,NACHO
,,NACRE
,,NADIR
,,NAIAD
,,NAIFS
,,NAILS
,,NAIVE
,,NAKED
,,NAMED
,,NAMES
,,NANAS
,,NANNY
,,NAPES
,,NAPPY
,,NARCS
,,NARIS
,,NARKS
,,NARKY
,,NASAL
,,NASTY
,,NATAL
,,NATCH
,,NATES
,,NATTY
,,NAVAL
,,NAVEL
,,NAVES
,,NAVVY
,,NAZIS
,,NDUJA
,,NEARS
,,NEATH
,,NECKS
,,NEEDS
,,NEEDY
,,NEEPS
,,NEIGH
,,NELLY
,,NERDS
,,NERDY
,,NERVE
,,NERVY
,,NESTS
,,NEVER
,,NEWER
,,NEWLY
,,NEWSY
,,NEWTS
,,NEXUS
,,NICAD
,,NICER
,,NICHE
,,NICKS
,,NIECE
,,NIFFS
,,NIFTY
,,NIGHT
,,NINES
,,NINJA
,,NINNY
,,NINTH
,,NIPPY
,,NIQAB
,,NITES
,,NIXED
,,NIXES
,,NOBLE
,,NOBLY
,,NOCKS
,,NODAL
,,NODES
,,NOHOW
,,NOIRS
,,NOISE
,,NOISY
,,NOMAD
,,NONCE
,,NONES
,,NONIS
,,NOOBS
,,NOOKS
,,NOOKY
,,NOOSE
,,NOPAL
,,NORMS
,,NORTH
,,NOSED
,,NOSES
,,NOSEY
,,NOTCH
,,NOTED
,,NOTES
,,NOUNS
,,NOVAE
,,NOVAS
,,NOVEL
,,NUBBY
,,NUDES
,,NUDGE
,,NUKED
,,NUKES
,,NUMBS
,,NURSE
,,NUTTY
,,NYLON
,,NYMPH
,,OAKEN
,,OAKUM
,,OASES
,,OASIS
,,OATER
,,OATHS
,,OBESE
,,OBEYS
,,OBITS
,,OBOES
,,OCCUR
,,OCEAN
,,OCHER
,,OCHRE
,,OCKER
,,OCTAD
,,OCTAL
,,OCTAN
,,OCTET
,,OCULI
,,ODDER
,,ODDLY
,,ODIUM
,,ODORS
,,ODOUR
,,OFFAL
,,OFFED
,,OFFER
,,OFFIE
,,OFTEN
,,OGIVE
,,OGLED
,,OGLES
,,OGRES
,,OILED
,,OILER
,,OINKS
,,OKAPI
,,OKAYS
,,OLDEN
,,OLDER
,,OLDIE
,,OLIVE
,,OLOGY
,,OMBRE
,,OMEGA
,,OMENS
,,OMITS
,,ONION
,,ONSET
,,OOMPH
,,OOZED
,,OOZES
,,OPALS
,,OPENS
,,OPERA
,,OPINE
,,OPIUM
,,OPTED
,,OPTIC
,,ORACH
,,ORACY
,,ORALS
,,ORBIT
,,ORCAS
,,ORDER
,,ORGAN
,,OTAKU
,,OTHER
,,OTTER
,,OUGHT
,,OUNCE
,,OUSTS
,,OUTDO
,,OUTED
,,OUTER
,,OUTGO
,,OUTRE
,,OUTRO
,,OUTTA
,,OUZOS
,,OVALS
,,OVARY
,,OVATE
,,OVENS
,,OVERS
,,OVERT
,,OVINE
,,OVOID
,,OVULE
,,OWING
,,OWLET
,,OWNED
,,OWNER
,,OXBOW
,,OXIDE
,,OXLIP
,,OXTER
,,OZONE
,,PACED
,,PACES
,,PACEY
,,PACKS
,,PACTS
,,PADDY
,,PADRE
,,PAEAN
,,PAGAN
,,PAGED
,,PAGER
,,PAGES
,,PAILS
,,PAINS
,,PAINT
,,PAIRS
,,PALED
,,PALER
,,PALES
,,PALLS
,,PALLY
,,PALMS
,,PALMY
,,PALSY
,,PANDA
,,PANEL
,,PANES
,,PANGS
,,PANIC
,,PANKO
,,PANSY
,,PANTS
,,PANTY
,,PAPAL
,,PAPAS
,,PAPAW
,,PAPER
,,PAPPY
,,PARCH
,,PARED
,,PARES
,,PARKA
,,PARKS
,,PARKY
,,PARPS
,,PARRY
,,PARSE
,,PARTS
,,PARTY
,,PASEO
,,PASHA
,,PASSE
,,PASTA
,,PASTE
,,PASTS
,,PASTY
,,PATCH
,,PATER
,,PATHS
,,PATIO
,,PATSY
,,PATTY
,,PAUSE
,,PAVED
,,PAVER
,,PAVES
,,PAWED
,,PAWKY
,,PAWNS
,,PAYEE
,,PAYER
,,PEACE
,,PEACH
,,PEAKS
,,PEAKY
,,PEALS
,,PEARL
,,PEARS
,,PEATY
,,PECAN
,,PECKS
,,PEDAL
,,PEDIS
,,PEEKS
,,PEELS
,,PEEPS
,,PEERS
,,PEEVE
,,PEKOE
,,PELTS
,,PENAL
,,PENCE
,,PENIS
,,PENNE
,,PENNY
,,PEONS
,,PEONY
,,PEPPY
,,PERCH
,,PERIL
,,PERKS
,,PERKY
,,PERMS
,,PERPS
,,PERRY
,,PERVS
,,PERVY
,,PESKY
,,PESOS
,,PESTO
,,PESTS
,,PETAL
,,PETER
,,PETIT
,,PETTY
,,PHAGE
,,PHASE
,,PHIAL
,,PHLOX
,,PHONE
,,PHONY
,,PHOTO
,,PHYLA
,,PIANO
,,PICKS
,,PICKY
,,PIECE
,,PIERS
,,PIETY
,,PIGGY
,,PIGMY
,,PIKER
,,PIKES
,,PILAF
,,PILAU
,,PILED
,,PILES
,,PILLS
,,PILOT
,,PIMPS
,,PINCH
,,PINED
,,PINES
,,PINEY
,,PINGS
,,PINKO
,,PINKS
,,PINKY
,,PINNA
,,PINNY
,,PINON
,,PINOT
,,PINTA
,,PINTO
,,PINTS
,,PIOUS
,,PIPAS
,,PIPED
,,PIPER
,,PIPES
,,PIQUE
,,PISCO
,,PISSY
,,PISTE
,,PITAS
,,PITCH
,,PITHS
,,PITHY
,,PITON
,,PITTA
,,PIVOT
,,PIXEL
,,PIXIE
,,PIZZA
,,PLACE
,,PLAID
,,PLAIN
,,PLAIT
,,PLANE
,,PLANK
,,PLANS
,,PLANT
,,PLASH
,,PLASM
,,PLATE
,,PLATS
,,PLAYS
,,PLAZA
,,PLEAD
,,PLEAS
,,PLEAT
,,PLEBS
,,PLICA
,,PLIED
,,PLIER
,,PLIES
,,PLINK
,,PLODS
,,PLONK
,,PLOPS
,,PLOTS
,,PLOWS
,,PLOYS
,,PLUCK
,,PLUGS
,,PLUMB
,,PLUME
,,PLUMP
,,PLUMS
,,PLUMY
,,PLUNK
,,PLUSH
,,POACH
,,POCKS
,,PODGY
,,PODIA
,,POEMS
,,POESY
,,POETS
,,POINT
,,POISE
,,POKED
,,POKER
,,POKES
,,POKEY
,,POLAR
,,POLED
,,POLES
,,POLIO
,,POLIS
,,POLKA
,,POLLS
,,POLYP
,,POLYS
,,POMMY
,,PONCE
,,PONCY
,,PONDS
,,PONGS
,,PONZU
,,POOCH
,,POOED
,,POOHS
,,POOLS
,,POOPS
,,POPES
,,POPPY
,,PORCH
,,PORED
,,PORES
,,PORGY
,,PORKS
,,PORKY
,,PORNO
,,PORNY
,,PORTA
,,PORTS
,,POSED
,,POSER
,,POSES
,,POSEY
,,POSIT
,,POSSE
,,POSTS
,,POTTY
,,POUCH
,,POUFS
,,POULT
,,POUND
,,POURS
,,POUTS
,,POUTY
,,POWER
,,PRAMS
,,PRANG
,,PRANK
,,PRATE
,,PRATS
,,PRAWN
,,PRAYS
,,PREEN
,,PREON
,,PREPS
,,PRESS
,,PREYS
,,PRICE
,,PRICK
,,PRICY
,,PRIDE
,,PRIED
,,PRIES
,,PRIGS
,,PRIME
,,PRIMO
,,PRIMP
,,PRINT
,,PRION
,,PRIOR
,,PRISE
,,PRISM
,,PRIVY
,,PRIZE
,,PROBE
,,PROBS
,,PRODS
,,PROFS
,,PROLE
,,PROMO
,,PROMS
,,PRONE
,,PRONG
,,PRONK
,,PROOF
,,PROPS
,,PROSE
,,PROSY
,,PROTO
,,PROUD
,,PROVE
,,PROWL
,,PROWS
,,PROXY
,,PRUDE
,,PRUNE
,,PSALM
,,PSEUD
,,PSOAS
,,PSYCH
,,PUBES
,,PUBIC
,,PUBIS
,,PUCKS
,,PUDGY
,,PUFFA
,,PUFFS
,,PUFFY
,,PUKED
,,PUKES
,,PUKKA
,,PULLS
,,PULPS
,,PULPY
,,PULSE
,,PUMAS
,,PUMPS
,,PUNCH
,,PUNKS
,,PUNKY
,,PUNNY
,,PUNTS
,,PUNTY
,,PUPAE
,,PUPIL
,,PUPPY
,,PUREE
,,PURER
,,PURGE
,,PURLS
,,PURRS
,,PURSE
,,PUSHY
,,PUSSY
,,PUTTS
,,PUTTY
,,PWNED
,,PYGMY
,,PYLON
,,PYRES
,,PZAZZ
,,QUACK
,,QUADS
,,QUAFF
,,QUAIL
,,QUAKE
,,QUALM
,,QUANT
,,QUARK
,,QUART
,,QUASH
,,QUASI
,,QUAYS
,,QUBIT
,,QUEEN
,,QUEER
,,QUELL
,,QUERN
,,QUERY
,,QUESO
,,QUEST
,,QUEUE
,,QUICK
,,QUIET
,,QUIFF
,,QUILL
,,QUILT
,,QUINT
,,QUIPS
,,QUIRE
,,QUIRK
,,QUITE
,,QUITS
,,QUOLL
,,QUOTA
,,QUOTE
,,QUOTH
,,RABBI
,,RABID
,,RACED
,,RACER
,,RACES
,,RACKS
,,RADAR
,,RADII
,,RADIO
,,RADIX
,,RADON
,,RAFTS
,,RAGAS
,,RAGED
,,RAGES
,,RAGGA
,,RAGUS
,,RAIDS
,,RAILS
,,RAINS
,,RAINY
,,RAISE
,,RAITA
,,RAKED
,,RAKES
,,RALES
,,RALLY
,,RALPH
,,RAMEN
,,RAMPS
,,RAMUS
,,RANCH
,,RANDO
,,RANDY
,,RANGE
,,RANGY
,,RANKS
,,RANTS
,,RAPED
,,RAPES
,,RAPHE
,,RAPID
,,RARER
,,RASPS
,,RASPY
,,RASTA
,,RATED
,,RATES
,,RATIO
,,RATTY
,,RAVED
,,RAVEL
,,RAVEN
,,RAVER
,,RAVES
,,RAYED
,,RAYON
,,RAZED
,,RAZES
,,RAZOR
,,REACH
,,REACT
,,READS
,,READY
,,REALM
,,REALS
,,REAMS
,,REAPS
,,REARM
,,REARS
,,REBAR
,,REBEC
,,REBEL
,,REBID
,,REBUS
,,REBUT
,,RECAP
,,RECCE
,,RECON
,,RECUR
,,RECUT
,,REDID
,,REDOS
,,REDOX
,,REDUX
,,REEDS
,,REEDY
,,REEFS
,,REEKS
,,REELS
,,REEVE
,,REFER
,,REFIT
,,REGAL
,,REHAB
,,REIFY
,,REIGN
,,REIKI
,,REINS
,,REJIG
,,REKEY
,,RELAX
,,RELAY
,,RELIC
,,RELIT
,,RELLO
,,REMIT
,,REMIX
,,RENAL
,,RENDS
,,RENEW
,,RENTS
,,REPAY
,,REPEL
,,REPLY
,,REPOS
,,REPOT
,,RERAN
,,RERUN
,,RESET
,,RESIN
,,RESIT
,,RESTS
,,RETCH
,,RETIE
,,RETRO
,,RETRY
,,REUSE
,,REVEL
,,REVUE
,,REXES
,,RHEUM
,,RHINO
,,RHOMB
,,RHUMB
,,RHYME
,,RIADS
,,RIALS
,,RICED
,,RICER
,,RICIN
,,RICKS
,,RIDER
,,RIDES
,,RIDGE
,,RIFFS
,,RIFLE
,,RIFTS
,,RIGHT
,,RIGID
,,RIGOR
,,RILED
,,RILES
,,RIMES
,,RINDS
,,RINGS
,,RINKS
,,RINSE
,,RIOJA
,,RIOTS
,,RIPEN
,,RIPER
,,RISEN
,,RISER
,,RISES
,,RISKS
,,RISKY
,,RITES
,,RITZY
,,RIVAL
,,RIVEN
,,RIVER
,,RIVET
,,RIYAL
,,ROACH
,,ROADS
,,ROAMS
,,ROANS
,,ROARS
,,ROAST
,,ROBED
,,ROBES
,,ROBIN
,,ROBOT
,,ROCKS
,,ROCKY
,,RODEO
,,ROGER
,,ROGUE
,,ROIDS
,,ROILS
,,ROLES
,,ROLLS
,,ROMAN
,,ROMEO
,,ROMPS
,,RONDO
,,ROOFS
,,ROOKS
,,ROOMS
,,ROOMY
,,ROOST
,,ROOTS
,,ROPED
,,ROPES
,,ROPEY
,,RORTS
,,ROSES
,,ROSIN
,,ROSTI
,,ROTAS
,,ROTIS
,,ROTOR
,,ROUGE
,,ROUGH
,,ROUND
,,ROUSE
,,ROUST
,,ROUTE
,,ROUTS
,,ROVED
,,ROVER
,,ROVES
,,ROWAN
,,ROWDY
,,ROWED
,,ROWER
,,ROYAL
,,RUBES
,,RUBLE
,,RUCHE
,,RUCKS
,,RUDDY
,,RUDER
,,RUFFS
,,RUGBY
,,RUINS
,,RULED
,,RULER
,,RULES
,,RUMBA
,,RUMMY
,,RUMOR
,,RUMPS
,,RUNES
,,RUNGS
,,RUNNY
,,RUNTS
,,RUPEE
,,RURAL
,,RUSES
,,RUSKS
,,RUSTS
,,RUSTY
,,RYOTS
,,SABER
,,SABLE
,,SABRE
,,SACKS
,,SADDO
,,SADHU
,,SADLY
,,SAFER
,,SAFES
,,SAGAS
,,SAGES
,,SAGGY
,,SAILS
,,SAINT
,,SAKES
,,SAKIS
,,SALAD
,,SALES
,,SALLY
,,SALON
,,SALSA
,,SALTS
,,SALTY
,,SALUT
,,SALVE
,,SALVO
,,SAMBA
,,SAMBO
,,SAMEY
,,SANDS
,,SANDY
,,SANER
,,SAPPY
,,SAREE
,,SARGE
,,SARIN
,,SARIS
,,SARKY
,,SASSY
,,SATAY
,,SATED
,,SATIN
,,SATYR
,,SAUCE
,,SAUCY
,,SAUNA
,,SAUTE
,,SAVED
,,SAVER
,,SAVES
,,SAVOR
,,SAVVY
,,SAWED
,,SAXES
,,SAYED
,,SCABS
,,SCADS
,,SCALD
,,SCALE
,,SCALP
,,SCALY
,,SCAMP
,,SCAMS
,,SCANS
,,SCANT
,,SCAPE
,,SCARE
,,SCARF
,,SCARP
,,SCARS
,,SCART
,,SCARY
,,SCATS
,,SCENE
,,SCENT
,,SCHMO
,,SCHWA
,,SCION
,,SCOFF
,,SCOLD
,,SCONE
,,SCOOP
,,SCOOT
,,SCOPE
,,SCORE
,,SCORN
,,SCOTS
,,SCOUR
,,SCOUT
,,SCOWL
,,SCRAM
,,SCRAP
,,SCREE
,,SCREW
,,SCRIM
,,SCRIP
,,SCROD
,,SCRUB
,,SCRUM
,,SCUBA
,,SCUDS
,,SCUFF
,,SCULL
,,SCUMS
,,SCURF
,,SEALS
,,SEAMS
,,SEAMY
,,SEARS
,,SEATS
,,SEBUM
,,SECTS
,,SEDAN
,,SEDER
,,SEDGE
,,SEDUM
,,SEEDS
,,SEEDY
,,SEEKS
,,SEEMS
,,SEEPS
,,SEERS
,,SEGUE
,,SEINE
,,SEIZE
,,SELLS
,,SEMIS
,,SENDS
,,SENSE
,,SEPAL
,,SEPIA
,,SEPOY
,,SEPTA
,,SEPTS
,,SERFS
,,SERGE
,,SERIF
,,SERUM
,,SERVE
,,SERVO
,,SETTS
,,SETUP
,,SEVEN
,,SEVER
,,SEWED
,,SEWER
,,SEXED
,,SEXES
,,SHACK
,,SHADE
,,SHADY
,,SHAFT
,,SHAGS
,,SHAHS
,,SHAKE
,,SHAKY
,,SHALE
,,SHALL
,,SHALT
,,SHAME
,,SHAMS
,,SHANK
,,SHAPE
,,SHARD
,,SHARE
,,SHARK
,,SHARP
,,SHAVE
,,SHAWL
,,SHAWM
,,SHEAF
,,SHEAR
,,SHEDS
,,SHEEN
,,SHEEP
,,SHEER
,,SHEET
,,SHEIK
,,SHELF
,,SHELL
,,SHEWS
,,SHIED
,,SHIES
,,SHIFT
,,SHILL
,,SHIMS
,,SHINE
,,SHINS
,,SHINY
,,SHIPS
,,SHIRE
,,SHIRK
,,SHIRR
,,SHIRT
,,SHISH
,,SHISO
,,SHITE
,,SHITS
,,SHLEP
,,SHOAL
,,SHOCK
,,SHOES
,,SHOJI
,,SHOJO
,,SHONE
,,SHOOK
,,SHOOS
,,SHOOT
,,SHOPS
,,SHORE
,,SHORN
,,SHORT
,,SHOTS
,,SHOUT
,,SHOVE
,,SHOWN
,,SHOWS
,,SHOWY
,,SHRED
,,SHREW
,,SHRUB
,,SHRUG
,,SHTUM
,,SHUCK
,,SHUNS
,,SHUNT
,,SHUSH
,,SHUTS
,,SHYLY
,,SIBYL
,,SICKO
,,SICKS
,,SIDED
,,SIDES
,,SIDLE
,,SIEGE
,,SIEVE
,,SIGHS
,,SIGHT
,,SIGMA
,,SIGNS
,,SILKS
,,SILKY
,,SILLS
,,SILLY
,,SILOS
,,SILTS
,,SIMPS
,,SINCE
,,SINES
,,SINEW
,,SINGE
,,SINGS
,,SINKS
,,SINUS
,,SIRED
,,SIREN
,,SIRES
,,SIRUP
,,SISAL
,,SISSY
,,SITAR
,,SITED
,,SITES
,,SIXER
,,SIXES
,,SIXTH
,,SIXTY
,,SIZED
,,SIZES
,,SKANK
,,SKATE
,,SKEIN
,,SKEWS
,,SKIDS
,,SKIED
,,SKIER
,,SKIES
,,SKIFF
,,SKILL
,,SKIMP
,,SKIMS
,,SKINK
,,SKINS
,,SKINT
,,SKIPS
,,SKIRL
,,SKIRT
,,SKITS
,,SKIVE
,,SKORT
,,SKUAS
,,SKULK
,,SKULL
,,SKUNK
,,SLABS
,,SLACK
,,SLAGS
,,SLAIN
,,SLAKE
,,SLAMS
,,SLANG
,,SLANT
,,SLAPS
,,SLASH
,,SLATE
,,SLATS
,,SLAVE
,,SLAYS
,,SLEBS
,,SLEDS
,,SLEEK
,,SLEEP
,,SLEET
,,SLEPT
,,SLEWS
,,SLICE
,,SLICK
,,SLIDE
,,SLIME
,,SLIMS
,,SLIMY
,,SLING
,,SLINK
,,SLIPS
,,SLITS
,,SLOBS
,,SLOES
,,SLOGS
,,SLOOP
,,SLOPE
,,SLOPS
,,SLOSH
,,SLOTH
,,SLOTS
,,SLOWS
,,SLUGS
,,SLUMP
,,SLUMS
,,SLUNG
,,SLUNK
,,SLURP
,,SLURS
,,SLUSH
,,SLUTS
,,SLYLY
,,SMACK
,,SMALL
,,SMARM
,,SMART
,,SMASH
,,SMEAR
,,SMELL
,,SMELT
,,SMILE
,,SMIRK
,,SMITE
,,SMITH
,,SMOCK
,,SMOGS
,,SMOKE
,,SMOKY
,,SMORE
,,SMOTE
,,SMUTS
,,SNACK
,,SNAFU
,,SNAGS
,,SNAIL
,,SNAKE
,,SNAKY
,,SNAPS
,,SNARE
,,SNARF
,,SNARK
,,SNARL
,,SNEAK
,,SNEER
,,SNICK
,,SNIDE
,,SNIFF
,,SNIPE
,,SNIPS
,,SNITS
,,SNOBS
,,SNOGS
,,SNOOD
,,SNOOK
,,SNOOP
,,SNOOT
,,SNORE
,,SNORT
,,SNOTS
,,SNOUT
,,SNOWS
,,SNOWY
,,SNUBS
,,SNUCK
,,SNUFF
,,SNUGS
,,SOAKS
,,SOAPS
,,SOAPY
,,SOARS
,,SOBER
,,SOCKS
,,SODAS
,,SOFAS
,,SOFTY
,,SOGGY
,,SOILS
,,SOLAR
,,SOLED
,,SOLEI
,,SOLES
,,SOLID
,,SOLOS
,,SOLVE
,,SONAR
,,SONGS
,,SONIC
,,SONNY
,,SOOKS
,,SOOTH
,,SOOTY
,,SOPPY
,,SORER
,,SORES
,,SORRY
,,SORTA
,,SORTS
,,SOUGH
,,SOUKS
,,SOULS
,,SOUND
,,SOUPS
,,SOUPY
,,SOURS
,,SOUSE
,,SOUTH
,,SOWED
,,SOWER
,,SPACE
,,SPACY
,,SPADE
,,SPAKE
,,SPAMS
,,SPANK
,,SPANS
,,SPARE
,,SPARK
,,SPARS
,,SPASM
,,SPATE
,,SPATS
,,SPAWN
,,SPAYS
,,SPAZA
,,SPEAK
,,SPEAR
,,SPECK
,,SPECS
,,SPECT
,,SPEED
,,SPELL
,,SPELT
,,SPEND
,,SPENT
,,SPERM
,,SPEWS
,,SPICA
,,SPICE
,,SPICY
,,SPIED
,,SPIEL
,,SPIES
,,SPIFF
,,SPIKE
,,SPIKY
,,SPILE
,,SPILL
,,SPILT
,,SPINE
,,SPINS
,,SPIRE
,,SPITE
,,SPITS
,,SPITZ
,,SPIVS
,,SPLAT
,,SPLAY
,,SPLIT
,,SPODS
,,SPOIL
,,SPOKE
,,SPOOF
,,SPOOK
,,SPOOL
,,SPOON
,,SPOOR
,,SPORE
,,SPORT
,,SPOTS
,,SPOUT
,,SPRAT
,,SPRAY
,,SPREE
,,SPRIG
,,SPRIT
,,SPROG
,,SPRUE
,,SPUDS
,,SPUME
,,SPUNK
,,SPURN
,,SPURS
,,SPURT
,,SQUAB
,,SQUAD
,,SQUAT
,,SQUIB
,,SQUID
,,STABS
,,STACK
,,STAFF
,,STAGE
,,STAGS
,,STAGY
,,STAID
,,STAIN
,,STAIR
,,STAKE
,,STALE
,,STALK
,,STALL
,,STAMP
,,STAND
,,STANK
,,STAPH
,,STARE
,,STARK
,,STARS
,,START
,,STASH
,,STATE
,,STATS
,,STAVE
,,STAYS
,,STEAD
,,STEAK
,,STEAL
,,STEAM
,,STEED
,,STEEL
,,STEEP
,,STEER
,,STEIN
,,STELE
,,STEMS
,,STENO
,,STENT
,,STEPS
,,STERN
,,STEWS
,,STICK
,,STIES
,,STIFF
,,STILE
,,STILL
,,STILT
,,STING
,,STINK
,,STINT
,,STIRS
,,STOAT
,,STOCK
,,STOEP
,,STOIC
,,STOKE
,,STOLE
,,STOMA
,,STOMP
,,STONE
,,STONY
,,STOOD
,,STOOL
,,STOOP
,,STOPE
,,STOPS
,,STORE
,,STORK
,,STORM
,,STORY
,,STOUP
,,STOUT
,,STOVE
,,STOWS
,,STRAP
,,STRAW
,,STRAY
,,STREP
,,STREW
,,STRIA
,,STRIP
,,STROP
,,STRUM
,,STRUT
,,STUBS
,,STUCK
,,STUDS
,,STUDY
,,STUFF
,,STUMP
,,STUNG
,,STUNK
,,STUNS
,,STUNT
,,STUPA
,,STYES
,,STYLE
,,SUAVE
,,SUCKS
,,SUCKY
,,SUCRE
,,SUEDE
,,SUGAR
,,SUING
,,SUITE
,,SUITS
,,SULCI
,,SULKS
,,SULKY
,,SULLY
,,SUMAC
,,SUMMA
,,SUMPS
,,SUNNY
,,SUNUP
,,SUPER
,,SUPRA
,,SURAL
,,SURER
,,SURFS
,,SURGE
,,SURLY
,,SUSHI
,,SWABS
,,SWAGE
,,SWAGS
,,SWAIN
,,SWALE
,,SWAMI
,,SWAMP
,,SWANK
,,SWAPS
,,SWARD
,,SWARF
,,SWARM
,,SWASH
,,SWATH
,,SWATS
,,SWAYS
,,SWEAR
,,SWEAT
,,SWEDE
,,SWEEP
,,SWEET
,,SWELL
,,SWEPT
,,SWIFT
,,SWIGS
,,SWILL
,,SWIMS
,,SWINE
,,SWING
,,SWIPE
,,SWIRL
,,SWISH
,,SWISS
,,SWIZZ
,,SWOON
,,SWOOP
,,SWOPS
,,SWORD
,,SWORE
,,SWORN
,,SWOTS
,,SWUNG
,,SYNCH
,,SYNCS
,,SYNOD
,,SYNTH
,,SYRUP
,,TABBY
,,TABLA
,,TABLE
,,TABOO
,,TACHE
,,TACIT
,,TACKS
,,TACKY
,,TACOS
,,TAFFY
,,TAIGA
,,TAILS
,,TAINT
,,TAKEN
,,TAKER
,,TAKES
,,TALES
,,TALKS
,,TALKY
,,TALLY
,,TALON
,,TALUS
,,TAMED
,,TAMER
,,TAMES
,,TAMPS
,,TANGO
,,TANGY
,,TANKA
,,TANKS
,,TANSY
,,TAPAS
,,TAPED
,,TAPER
,,TAPES
,,TAPIR
,,TARDY
,,TARNS
,,TAROS
,,TAROT
,,TARPS
,,TARRY
,,TARSI
,,TARTS
,,TARTY
,,TASED
,,TASER
,,TASES
,,TASKS
,,TASTE
,,TASTY
,,TATER
,,TATTS
,,TATTY
,,TAUNT
,,TAUPE
,,TAWNY
,,TAXED
,,TAXES
,,TAXIS
,,TAXON
,,TEACH
,,TEALS
,,TEAMS
,,TEARS
,,TEARY
,,TEASE
,,TEATS
,,TECHS
,,TECHY
,,TEDDY
,,TEEMS
,,TEENS
,,TEENY
,,TEETH
,,TELCO
,,TELEX
,,TELLS
,,TELLY
,,TEMPI
,,TEMPO
,,TEMPS
,,TEMPT
,,TENDS
,,TENET
,,TENON
,,TENOR
,,TENSE
,,TENTH
,,TENTS
,,TEPEE
,,TEPID
,,TERMS
,,TERNS
,,TERRA
,,TERRY
,,TERSE
,,TESLA
,,TESTA
,,TESTS
,,TESTY
,,TEXTS
,,THANE
,,THANG
,,THANK
,,THAWS
,,THEES
,,THEFT
,,THEIR
,,THEME
,,THERE
,,THERM
,,THESE
,,THETA
,,THEWS
,,THICK
,,THIEF
,,THIGH
,,THINE
,,THING
,,THINK
,,THINS
,,THIRD
,,THONG
,,THORN
,,THOSE
,,THREE
,,THREW
,,THROB
,,THROW
,,THRUM
,,THUDS
,,THUGS
,,THUJA
,,THUMB
,,THUMP
,,THUNK
,,THYME
,,TIARA
,,TIBIA
,,TICKS
,,TIDAL
,,TIDED
,,TIDES
,,TIERS
,,TIFFS
,,TIGER
,,TIGHT
,,TIKES
,,TIKKA
,,TILDE
,,TILED
,,TILER
,,TILES
,,TILLS
,,TILTS
,,TIMED
,,TIMER
,,TIMES
,,TIMID
,,TINEA
,,TINES
,,TINGE
,,TINGS
,,TINNY
,,TINTS
,,TIPIS
,,TIPPY
,,TIPSY
,,TIRED
,,TIRES
,,TITAN
,,TITCH
,,TITER
,,TITHE
,,TITLE
,,TITRE
,,TITTY
,,TIZZY
,,TOADS
,,TOADY
,,TOAST
,,TODAY
,,TODDY
,,TOFFS
,,TOGAS
,,TOILS
,,TOKED
,,TOKEN
,,TOKES
,,TOLLS
,,TOMBS
,,TOMES
,,TOMMY
,,TONAL
,,TONED
,,TONER
,,TONES
,,TONGS
,,TONIC
,,TONKS
,,TONNE
,,TOOLS
,,TOOTH
,,TOOTS
,,TOPAZ
,,TOPEE
,,TOPIC
,,TOQUE
,,TORCH
,,TORSO
,,TORTE
,,TORTS
,,TORUS
,,TOTAL
,,TOTED
,,TOTEM
,,TOTES
,,TOTTY
,,TOUCH
,,TOUGH
,,TOURS
,,TOUTS
,,TOWED
,,TOWEL
,,TOWER
,,TOWNS
,,TOXIC
,,TOXIN
,,TOYED
,,TOYON
,,TRACE
,,TRACK
,,TRACT
,,TRADE
,,TRAIL
,,TRAIN
,,TRAIT
,,TRAMP
,,TRAMS
,,TRANQ
,,TRANS
,,TRAPS
,,TRASH
,,TRAWL
,,TRAYS
,,TREAD
,,TREAT
,,TREES
,,TREKS
,,TREND
,,TRESS
,,TREWS
,,TRIAD
,,TRIAL
,,TRIBE
,,TRICE
,,TRICK
,,TRIDE
,,TRIED
,,TRIER
,,TRIES
,,TRIKE
,,TRILL
,,TRIMS
,,TRIOS
,,TRIPE
,,TRIPS
,,TRITE
,,TROLL
,,TROMP
,,TRONC
,,TROOP
,,TROPE
,,TROTH
,,TROTS
,,TROUT
,,TROVE
,,TRUCE
,,TRUCK
,,TRUER
,,TRUGS
,,TRULY
,,TRUMP
,,TRUNK
,,TRUSS
,,TRUST
,,TRUTH
,,TRYST
,,TSARS
,,TUBAL
,,TUBAS
,,TUBBY
,,TUBED
,,TUBER
,,TUBES
,,TUCKS
,,TUFTS
,,TULES
,,TULIP
,,TULLE
,,TUMID
,,TUMMY
,,TUMOR
,,TUNAS
,,TUNED
,,TUNER
,,TUNES
,,TUNIC
,,TUPLE
,,TUQUE
,,TURBO
,,TURDS
,,TURFS
,,TURNS
,,TURPS
,,TUSKS
,,TUTOR
,,TUTTI
,,TUTUS
,,TWAIN
,,TWANG
,,TWATS
,,TWEAK
,,TWEED
,,TWEEN
,,TWEET
,,TWERK
,,TWERP
,,TWICE
,,TWIGS
,,TWILL
,,TWINE
,,TWINK
,,TWINS
,,TWIRL
,,TWIRP
,,TWIST
,,TWIXT
,,TYING
,,TYKES
,,TYPED
,,TYPES
,,TYPOS
,,TYRES
,,TYROS
,,TZARS
,,UDDER
,,ULCER
,,ULNAE
,,ULNAS
,,ULTRA
,,UMAMI
,,UMBEL
,,UMBER
,,UMBOS
,,UMBRA
,,UNBAN
,,UNBOX
,,UNCAP
,,UNCLE
,,UNCUT
,,UNDER
,,UNDID
,,UNDUE
,,UNFED
,,UNFIT
,,UNHIP
,,UNIFY
,,UNION
,,UNITE
,,UNITS
,,UNITY
,,UNLIT
,,UNMET
,,UNSEE
,,UNSET
,,UNTIE
,,UNTIL
,,UNWED
,,UNZIP
,,UPDOS
,,UPEND
,,UPLIT
,,UPPED
,,UPPER
,,UPSET
,,URBAN
,,URGED
,,URGES
,,URINE
,,USAGE
,,USERS
,,USHER
,,USING
,,USUAL
,,USURP
,,USURY
,,UTERI
,,UTTER
,,UVEAS
,,UVULA
,,VACAY
,,VAGAL
,,VAGUE
,,VALES
,,VALET
,,VALID
,,VALOR
,,VALSE
,,VALUE
,,VALVE
,,VAMPS
,,VANES
,,VAPED
,,VAPER
,,VAPES
,,VAPID
,,VAPOR
,,VARIX
,,VARUS
,,VASES
,,VAULT
,,VAUNT
,,VEENA
,,VEEPS
,,VEERS
,,VEGAN
,,VEGES
,,VEILS
,,VEINS
,,VELAR
,,VELDT
,,VELUM
,,VENAL
,,VENDS
,,VENOM
,,VENTS
,,VENUE
,,VERBS
,,VERGE
,,VERSE
,,VERSO
,,VERTS
,,VERVE
,,VESTA
,,VESTS
,,VETCH
,,VEXED
,,VEXES
,,VIALS
,,VIBED
,,VIBES
,,VICAR
,,VICES
,,VIDEO
,,VIEWS
,,VIGIL
,,VIGOR
,,VILER
,,VILLA
,,VILLI
,,VINES
,,VINYL
,,VIOLA
,,VIOLS
,,VIPER
,,VIRAL
,,VIRUS
,,VISAS
,,VISES
,,VISIT
,,VISOR
,,VISTA
,,VITAL
,,VITRO
,,VIVAS
,,VIVID
,,VIXEN
,,VLOGS
,,VOCAL
,,VODKA
,,VOGUE
,,VOICE
,,VOIDS
,,VOILA
,,VOILE
,,VOLAR
,,VOLES
,,VOLTE
,,VOLTS
,,VOMER
,,VOMIT
,,VOTED
,,VOTER
,,VOTES
,,VOUCH
,,VOWED
,,VOWEL
,,VROOM
,,VULVA
,,VYING
,,WACKO
,,WACKY
,,WADDY
,,WADED
,,WADER
,,WADES
,,WADIS
,,WAFER
,,WAFTS
,,WAGED
,,WAGER
,,WAGES
,,WAGON
,,WAGYU
,,WAHOO
,,WAIFS
,,WAILS
,,WAINS
,,WAIST
,,WAITS
,,WAIVE
,,WAKED
,,WAKEN
,,WAKES
,,WALKS
,,WALLS
,,WALLY
,,WALTZ
,,WANDS
,,WANED
,,WANES
,,WANTS
,,WARDS
,,WARES
,,WARMS
,,WARNS
,,WARPS
,,WARTS
,,WARTY
,,WASHY
,,WASPS
,,WASPY
,,WASTE
,,WATCH
,,WATER
,,WATTS
,,WAVED
,,WAVER
,,WAVES
,,WAXED
,,WAXEN
,,WAXES
,,WAZOO
,,WEALS
,,WEARS
,,WEARY
,,WEAVE
,,WEDGE
,,WEEDS
,,WEEDY
,,WEEKS
,,WEENY
,,WEEPS
,,WEEPY
,,WEIGH
,,WEIRD
,,WELCH
,,WELDS
,,WELLS
,,WELLY
,,WELSH
,,WELTS
,,WENCH
,,WETAS
,,WETLY
,,WHACK
,,WHALE
,,WHANG
,,WHARF
,,WHEAT
,,WHEEL
,,WHELK
,,WHELM
,,WHELP
,,WHERE
,,WHETS
,,WHICH
,,WHIFF
,,WHILE
,,WHIMS
,,WHINE
,,WHINY
,,WHIPS
,,WHIRL
,,WHIRR
,,WHIRS
,,WHISK
,,WHIST
,,WHITE
,,WHIZZ
,,WHOLE
,,WHOMP
,,WHOOP
,,WHOPS
,,WHORE
,,WHORL
,,WHOSE
,,WHUPS
,,WICKS
,,WIDEN
,,WIDER
,,WIDES
,,WIDOW
,,WIDTH
,,WIELD
,,WIGHT
,,WIKIS
,,WILCO
,,WILES
,,WILLS
,,WILLY
,,WILTS
,,WIMPS
,,WIMPY
,,WINCE
,,WINCH
,,WINDS
,,WINDY
,,WINED
,,WINES
,,WINGS
,,WINKS
,,WINOS
,,WIPED
,,WIPER
,,WIPES
,,WIRED
,,WIRES
,,WISED
,,WISER
,,WISES
,,WISPS
,,WISPY
,,WITCH
,,WITTY
,,WIVES
,,WODGE
,,WOKEN
,,WOLDS
,,WOLFS
,,WOMAN
,,WOMBS
,,WOMEN
,,WONGA
,,WONKS
,,WONKY
,,WOODS
,,WOODY
,,WOOED
,,WOOFS
,,WOOLY
,,WOOZY
,,WORDS
,,WORDY
,,WORKS
,,WORLD
,,WORMS
,,WORMY
,,WORRY
,,WORSE
,,WORST
,,WORTH
,,WOULD
,,WOUND
,,WOVEN
,,WOWED
,,WRACK
,,WRAPS
,,WRATH
,,WREAK
,,WRECK
,,WRENS
,,WREST
,,WRING
,,WRIST
,,WRITE
,,WRITS
,,WRONG
,,WROTE
,,WRUNG
,,WRYLY
,,WURST
,,WUSHU
,,XENON
,,XEROX
,,XYLEM
,,YACHT
,,YAHOO
,,YAKKA
,,YANKS
,,YAPPY
,,YARDS
,,YARNS
,,YAWED
,,YAWNS
,,YEARN
,,YEARS
,,YEAST
,,YECCH
,,YELLS
,,YELPS
,,YERBA
,,YESES
,,YETIS
,,YIELD
,,YIKES
,,YOBBO
,,YODEL
,,YOGIS
,,YOKED
,,YOKEL
,,YOKES
,,YOLKS
,,YOMPS
,,YONKS
,,YOUNG
,,YOURS
,,YOUSE
,,YOUTH
,,YOWLS
,,YUCCA
,,YUCKY
,,YUKKY
,,YUMMY
,,YUPPY
,,YURTS
,,YUZUS
,,ZAKAT
,,ZAPPY
,,ZEBRA
,,ZEROS
,,ZETAS
,,ZILCH
,,ZINES
,,ZIPPY
,,ZLOTY
,,ZONAL
,,ZONED
,,ZONES
,,ZOOMS
